Date,Temperature,Wind Speed
2012-02-10,57.0,23.02
2012-02-11,54.0,16.11
2012-02-12,48.9,11.39
2012-02-13,46.9,6.9
2012-02-14,48.0,17.26
2012-02-15,48.0,6.9
2012-02-16,48.2,8.06
2012-02-17,50.0,18.3
2012-02-18,50.0,26.35
2012-02-19,46.9,17.26
2012-02-20,48.2,13.81
2012-02-21,48.9,19.68
2012-02-22,50.0,23.02
2012-02-23,50.0,13.81
2012-02-24,50.0,18.3
2012-02-25,50.0,33.26
2012-02-26,46.0,17.26
2012-02-27,46.0,11.39
2012-02-28,46.0,13.81
2012-02-29,44.1,24.17
2012-03-01,46.4,19.68
2012-03-02,46.9,16.11
2012-03-03,50.0,19.68
2012-03-04,50.0,10.24
2012-03-05,50.0,24.17
2012-03-06,46.9,18.3
2012-03-07,48.0,12.77
2012-03-08,64.9,23.02
2012-03-09,64.9,24.17
2012-03-10,48.9,17.26
2012-03-11,50.0,23.02
2012-03-12,44.6,31.07
2012-03-13,45.0,23.02
2012-03-14,48.2,28.88
2012-03-15,52.0,32.22
2012-03-16,52.0,14.96
2012-03-17,46.9,18.3
2012-03-18,48.0,18.3
2012-03-19,43.0,10.24
2012-03-20,46.9,24.17
2012-03-21,46.9,17.26
2012-03-22,46.0,12.77
2012-03-23,54.0,13.81
2012-03-24,60.1,20.83
2012-03-25,60.1,13.81
2012-03-26,54.0,17.26
2012-03-27,54.0,12.77
2012-03-28,52.0,24.17
2012-03-29,51.1,31.07
2012-03-30,48.2,21.86
2012-03-31,52.0,21.86
2012-04-01,52.0,21.86
2012-04-02,57.0,19.68
2012-04-03,57.0,19.68
2012-04-04,45.0,12.77
2012-04-05,48.9,12.77
2012-04-06,48.9,14.96
2012-04-07,62.1,12.77
2012-04-08,66.0,14.96
2012-04-09,66.0,11.39
2012-04-10,61.0,17.26
2012-04-11,57.0,13.81
2012-04-12,52.0,19.68
2012-04-13,60.1,19.68
2012-04-14,60.1,16.11
2012-04-15,57.9,9.21
2012-04-16,57.9,25.32
2012-04-17,53.1,10.24
2012-04-18,53.1,13.81
2012-04-19,53.6,18.3
2012-04-20,53.1,21.86
2012-04-21,68.0,10.24
2012-04-22,68.0,13.81
2012-04-23,66.9,17.26
2012-04-24,64.9,16.11
2012-04-25,57.0,18.3
2012-04-26,53.6,18.3
2012-04-27,54.0,17.26
2012-04-28,55.0,10.24
2012-04-29,57.0,11.39
2012-04-30,57.0,23.02
2012-05-01,53.1,16.11
2012-05-02,51.1,10.24
2012-05-03,53.1,20.83
2012-05-04,53.1,16.11
2012-05-05,53.6,13.81
2012-05-06,61.0,12.77
2012-05-07,71.1,18.3
2012-05-08,71.1,20.83
2012-05-09,60.1,19.68
2012-05-10,55.0,19.68
2012-05-11,64.0,19.68
2012-05-12,75.9,17.26
2012-05-13,75.9,18.3
2012-05-14,73.9,19.68
2012-05-15,64.0,13.81
2012-05-16,64.0,12.77
2012-05-17,57.9,14.96
2012-05-18,57.0,11.39
2012-05-19,64.0,11.39
2012-05-20,64.0,10.24
2012-05-21,57.0,21.86
2012-05-22,55.4,24.17
2012-05-23,55.9,23.02
2012-05-24,57.0,13.81
2012-05-25,62.1,13.81
2012-05-26,62.1,11.39
2012-05-27,59.0,18.3
2012-05-28,57.9,13.81
2012-05-29,57.9,12.77
2012-05-30,62.1,10.24
2012-05-31,62.1,12.77
2012-06-01,61.0,14.96
2012-06-02,60.1,12.77
2012-06-03,59.0,11.39
2012-06-04,59.0,16.11
2012-06-05,59.0,17.26
2012-06-06,59.0,16.11
2012-06-07,59.0,16.11
2012-06-08,57.9,19.68
2012-06-09,59.0,14.96
2012-06-10,62.1,11.39
2012-06-11,64.9,10.24
2012-06-12,64.9,11.39
2012-06-13,60.1,14.96
2012-06-14,59.0,12.77
2012-06-15,66.0,10.24
2012-06-16,66.9,12.77
2012-06-17,64.9,13.81
2012-06-18,59.0,23.02
2012-06-19,60.1,12.77
2012-06-20,66.9,14.96
2012-06-21,66.9,11.39
2012-06-22,66.0,10.24
2012-06-23,60.1,11.39
2012-06-24,63.0,13.81
2012-06-25,63.0,8.06
2012-06-26,62.6,16.11
2012-06-27,70.0,11.39
2012-06-28,70.0,12.77
2012-06-29,66.0,12.77
2012-06-30,66.0,10.24
2012-07-01,64.0,12.77
2012-07-02,64.0,10.24
2012-07-03,62.1,18.3
2012-07-04,64.0,14.96
2012-07-05,68.0,14.96
2012-07-06,68.0,26.35
2012-07-07,69.1,17.26
2012-07-08,69.1,17.26
2012-07-09,64.0,16.11
2012-07-10,66.9,13.81
2012-07-11,66.9,16.11
2012-07-12,62.6,11.39
2012-07-13,64.0,9.21
2012-07-14,64.9,11.39
2012-07-15,64.9,17.26
2012-07-16,68.0,13.81
2012-07-17,69.1,11.39
2012-07-18,63.0,10.24
2012-07-19,69.1,16.11
2012-07-20,69.1,17.26
2012-07-21,66.9,16.11
2012-07-22,68.0,13.81
2012-07-23,66.0,16.11
2012-07-24,69.1,18.3
2012-07-25,69.1,16.11
2012-07-26,64.0,10.24
2012-07-27,64.9,11.39
2012-07-28,68.0,12.77
2012-07-29,68.0,13.81
2012-07-30,66.0,13.81
2012-07-31,66.0,12.77
2012-08-01,66.0,18.3
2012-08-02,66.0,12.77
2012-08-03,79.0,17.26
2012-08-04,91.9,16.11
2012-08-05,82.0,16.11
2012-08-06,64.9,14.96
2012-08-07,66.0,21.86
2012-08-08,68.0,11.39
2012-08-09,68.0,18.3
2012-08-10,69.1,20.83
2012-08-11,71.1,21.86
2012-08-12,71.1,20.83
2012-08-13,71.1,18.3
2012-08-14,66.9,19.68
2012-08-15,82.0,16.11
2012-08-16,82.0,14.96
2012-08-17,66.0,13.81
2012-08-18,63.0,10.24
2012-08-19,66.9,10.24
2012-08-20,70.0,10.24
2012-08-21,70.0,12.77
2012-08-22,69.1,14.96
2012-08-23,68.0,17.26
2012-08-24,66.9,20.83
2012-08-25,70.0,17.26
2012-08-26,70.0,16.11
2012-08-27,66.0,16.11
2012-08-28,66.0,17.26
2012-08-29,66.0,11.39
2012-08-30,66.9,17.26
2012-08-31,68.0,16.11
2012-09-01,66.0,14.96
2012-09-02,68.0,11.39
2012-09-03,68.0,16.11
2012-09-04,71.1,14.96
2012-09-05,71.1,14.96
2012-09-06,68.0,12.77
2012-09-07,84.0,12.77
2012-09-08,63.0,14.96
2012-09-09,63.0,13.81
2012-09-10,64.0,13.81
2012-09-11,64.9,20.83
2012-09-12,78.1,20.83
2012-09-13,84.9,13.81
2012-09-14,75.9,12.77
2012-09-15,64.9,16.11
2012-09-16,73.0,14.96
2012-09-17,80.1,12.77
2012-09-18,82.0,14.96
2012-09-19,57.9,11.39
2012-09-20,60.1,4.72
2012-09-21,61.0,8.06
2012-09-22,64.9,9.21
2012-09-23,66.0,11.39
2012-09-24,66.9,14.96
2012-09-25,66.9,13.81
2012-09-26,66.9,14.96
2012-09-27,73.9,16.11
2012-09-28,73.9,9.21
2012-09-29,66.9,19.68
2012-09-30,66.9,17.26
2012-10-01,73.0,17.26
2012-10-02,73.0,18.3
2012-10-03,69.1,18.3
2012-10-04,72.0,16.11
2012-10-05,73.0,17.26
2012-10-06,73.9,19.68
2012-10-07,77.0,9.21
2012-10-08,77.0,17.26
2012-10-09,59.0,9.21
2012-10-10,60.1,9.21
2012-10-11,60.1,10.24
2012-10-12,55.4,12.77
2012-10-13,57.9,18.3
2012-10-14,60.8,23.02
2012-10-15,60.8,26.35
2012-10-16,60.1,33.26
2012-10-17,60.1,8.06
2012-10-18,64.0,11.39
2012-10-19,64.0,19.68
2012-10-20,57.9,14.96
2012-10-21,53.1,11.39
2012-10-22,48.9,16.11
2012-10-23,50.0,11.39
2012-10-24,50.0,10.24
2012-10-25,54.0,6.9
2012-10-26,55.9,13.81
2012-10-27,57.9,21.86
2012-10-28,57.9,23.02
2012-10-29,57.9,26.35
2012-10-30,59.0,20.83
2012-10-31,57.9,26.35
2012-11-01,57.9,14.96
2012-11-02,55.9,14.96
2012-11-03,55.9,19.68
2012-11-04,61.0,17.26
2012-11-05,61.0,14.96
2012-11-06,57.9,16.11
2012-11-07,55.0,10.24
2012-11-08,53.1,9.21
2012-11-09,48.0,18.3
2012-11-10,48.0,6.9
2012-11-11,46.9,8.06
2012-11-12,55.9,33.26
2012-11-13,53.6,6.9
2012-11-14,54.0,9.21
2012-11-15,54.0,9.21
2012-11-16,53.1,9.21
2012-11-17,55.0,19.68
2012-11-18,55.0,23.02
2012-11-19,57.2,40.28
2012-11-20,57.0,21.86
2012-11-21,53.1,27.73
2012-11-22,51.1,10.24
2012-11-23,55.9,25.32
2012-11-24,55.9,17.26
2012-11-25,51.1,9.21
2012-11-26,53.1,14.96
2012-11-27,53.1,8.06
2012-11-28,52.0,13.81
2012-11-29,55.9,20.83
2012-11-30,55.9,24.17
2012-12-01,55.9,23.02
2012-12-02,52.0,23.02
2012-12-03,53.1,20.83
2012-12-04,55.4,33.26
2012-12-05,55.0,19.68
2012-12-06,50.0,17.26
2012-12-07,50.0,17.26
2012-12-08,50.0,11.39
2012-12-09,48.9,10.24
2012-12-10,51.1,13.81
2012-12-11,46.9,18.3
2012-12-12,48.9,13.81
2012-12-13,48.9,20.83
2012-12-14,48.9,8.06
2012-12-15,48.9,17.26
2012-12-16,46.9,17.26
2012-12-17,53.6,36.94
2012-12-18,51.1,19.68
2012-12-19,48.9,35.79
2012-12-20,48.9,20.83
2012-12-21,50.0,10.24
2012-12-22,50.0,16.11
2012-12-23,48.0,13.81
2012-12-24,48.0,20.83
2012-12-25,48.0,21.86
2012-12-26,48.0,14.96
2012-12-27,48.0,16.11
2012-12-28,48.0,6.9
2012-12-29,45.0,8.06
2012-12-30,46.0,10.24
2012-12-31,46.0,11.39
2013-01-01,42.1,13.81
2013-01-02,48.0,12.77
2013-01-03,48.0,14.96
2013-01-04,51.1,19.68
2013-01-05,50.0,14.96
2013-01-06,48.9,10.24
2013-01-07,51.8,20.83
2013-01-08,52.0,27.73
2013-01-09,52.0,26.35
2013-01-10,51.1,9.21
2013-01-11,44.1,8.06
2013-01-12,41.0,8.06
2013-01-13,39.9,8.06
2013-01-14,39.9,6.9
2013-01-15,44.1,6.9
2013-01-16,44.1,11.39
2013-01-17,48.0,12.77
2013-01-18,53.1,6.9
2013-01-19,53.1,8.06
2013-01-20,50.0,6.9
2013-01-21,51.1,5.87
2013-01-22,51.1,8.06
2013-01-23,46.0,13.81
2013-01-24,46.9,8.06
2013-01-25,48.9,16.11
2013-01-26,48.9,11.39
2013-01-27,48.0,9.21
2013-01-28,46.0,18.3
2013-01-29,46.9,19.68
2013-01-30,48.9,17.26
2013-01-31,50.0,11.39
2013-02-01,52.0,12.77
2013-02-02,57.0,10.24
2013-02-03,57.0,13.81
2013-02-04,50.0,5.87
2013-02-05,50.0,20.83
2013-02-06,50.0,17.26
2013-02-07,50.0,17.26
2013-02-08,48.0,13.81
2013-02-09,48.2,9.21
2013-02-10,48.0,8.06
2013-02-11,48.0,10.24
2013-02-12,48.9,13.81
2013-02-13,50.0,16.11
2013-02-14,50.0,8.06
2013-02-15,59.0,11.39
2013-02-16,59.0,14.96
2013-02-17,51.1,14.96
2013-02-18,48.0,14.96
2013-02-19,48.9,14.96
2013-02-20,48.9,11.39
2013-02-21,46.9,19.68
2013-02-22,50.0,29.92
2013-02-23,50.0,20.83
2013-02-24,48.9,18.3
2013-02-25,48.9,21.86
2013-02-26,48.0,11.39
2013-02-27,51.1,11.39
2013-02-28,52.0,20.83
2013-03-01,55.0,19.68
2013-03-02,53.1,18.3
2013-03-03,48.0,16.11
2013-03-04,57.0,17.26
2013-03-05,57.0,10.24
2013-03-06,45.0,12.77
2013-03-07,51.1,13.81
2013-03-08,54.0,12.77
2013-03-09,54.0,14.96
2013-03-10,50.0,10.24
2013-03-11,48.9,10.24
2013-03-12,53.1,17.26
2013-03-13,53.1,13.81
2013-03-14,54.0,16.11
2013-03-15,52.0,19.68
2013-03-16,50.0,18.3
2013-03-17,48.9,20.83
2013-03-18,50.0,12.77
2013-03-19,52.0,10.24
2013-03-20,52.0,28.88
2013-03-21,51.1,23.02
2013-03-22,48.0,14.96
2013-03-23,48.0,14.96
2013-03-24,55.9,11.39
2013-03-25,59.0,10.24
2013-03-26,59.0,8.06
2013-03-27,59.0,8.06
2013-03-28,59.0,10.24
2013-03-29,60.1,12.77
2013-03-30,70.0,13.81
2013-03-31,70.0,12.77
2013-04-01,62.1,19.68
2013-04-02,55.0,13.81
2013-04-03,62.1,8.06
2013-04-04,62.1,24.17
2013-04-05,55.9,25.32
2013-04-06,54.0,23.02
2013-04-07,54.0,23.02
2013-04-08,52.0,13.81
2013-04-09,53.1,10.24
2013-04-10,54.0,25.32
2013-04-11,54.0,13.81
2013-04-12,54.0,11.39
2013-04-13,50.0,23.02
2013-04-14,51.8,20.83
2013-04-15,52.0,14.96
2013-04-16,55.9,14.96
2013-04-17,55.9,10.24
2013-04-18,54.0,12.77
2013-04-19,53.1,19.68
2013-04-20,54.0,12.77
2013-04-21,54.0,14.96
2013-04-22,63.0,14.96
2013-04-23,63.0,16.11
2013-04-24,71.1,18.3
2013-04-25,71.1,18.3
2013-04-26,68.0,11.39
2013-04-27,68.0,16.11
2013-04-28,55.9,13.81
2013-04-29,55.9,19.68
2013-04-30,54.0,14.96
2013-05-01,61.0,19.68
2013-05-02,69.1,24.17
2013-05-03,69.1,20.83
2013-05-04,82.0,16.11
2013-05-05,84.9,16.11
2013-05-06,77.0,16.11
2013-05-07,60.1,17.26
2013-05-08,59.0,12.77
2013-05-09,62.1,13.81
2013-05-10,59.0,11.39
2013-05-11,66.0,10.24
2013-05-12,66.0,24.17
2013-05-13,57.9,20.83
2013-05-14,60.1,16.11
2013-05-15,60.1,9.21
2013-05-16,61.0,21.86
2013-05-17,61.0,18.3
2013-05-18,59.0,9.21
2013-05-19,59.0,17.26
2013-05-20,62.1,16.11
2013-05-21,57.9,19.68
2013-05-22,54.0,12.77
2013-05-23,54.0,13.81
2013-05-24,57.9,12.77
2013-05-25,57.9,10.24
2013-05-26,61.0,19.68
2013-05-27,61.0,18.3
2013-05-28,59.0,19.68
2013-05-29,59.0,16.11
2013-05-30,60.1,16.11
2013-05-31,62.1,13.81
2013-06-01,64.0,13.81
2013-06-02,64.0,13.81
2013-06-03,64.0,17.26
2013-06-04,72.0,20.83
2013-06-05,72.0,17.26
2013-06-06,64.9,14.96
2013-06-07,64.9,16.11
2013-06-08,64.0,20.83
2013-06-09,64.0,19.68
2013-06-10,64.0,19.68
2013-06-11,63.0,16.11
2013-06-12,62.1,13.81
2013-06-13,63.0,14.96
2013-06-14,64.0,11.39
2013-06-15,66.9,12.77
2013-06-16,66.9,13.81
2013-06-17,66.2,19.68
2013-06-18,66.0,19.68
2013-06-19,64.0,18.3
2013-06-20,64.4,14.96
2013-06-21,66.0,12.77
2013-06-22,72.0,9.21
2013-06-23,72.0,10.24
2013-06-24,64.0,18.3
2013-06-25,66.0,20.83
2013-06-26,66.0,17.26
2013-06-27,66.9,17.26
2013-06-28,71.1,11.39
2013-06-29,73.9,10.24
2013-06-30,75.9,13.81
2013-07-01,75.9,13.81
2013-07-02,69.1,20.83
2013-07-03,69.1,17.26
2013-07-04,66.9,17.26
2013-07-05,66.2,16.11
2013-07-06,66.2,11.39
2013-07-07,64.9,11.39
2013-07-08,68.0,12.77
2013-07-09,68.0,17.26
2013-07-10,66.0,24.17
2013-07-11,64.9,19.68
2013-07-12,64.9,17.26
2013-07-13,68.0,19.68
2013-07-14,68.0,21.86
2013-07-15,73.9,20.83
2013-07-16,73.9,18.3
2013-07-17,70.0,12.77
2013-07-18,66.0,20.83
2013-07-19,66.0,20.83
2013-07-20,64.9,19.68
2013-07-21,64.0,16.11
2013-07-22,64.4,13.81
2013-07-23,66.0,14.96
2013-07-24,66.0,19.68
2013-07-25,68.0,20.83
2013-07-26,64.9,20.83
2013-07-27,64.9,17.26
2013-07-28,64.0,10.24
2013-07-29,63.0,10.24
2013-07-30,64.9,9.21
2013-07-31,64.9,9.21
2013-08-01,64.4,12.77
2013-08-02,64.4,12.77
2013-08-03,68.0,16.11
2013-08-04,66.9,17.26
2013-08-05,66.9,16.11
2013-08-06,68.0,11.39
2013-08-07,68.0,12.77
2013-08-08,66.0,17.26
2013-08-09,66.0,16.11
2013-08-10,64.9,10.24
2013-08-11,66.0,10.24
2013-08-12,69.1,11.39
2013-08-13,72.0,12.77
2013-08-14,72.0,12.77
2013-08-15,69.1,5.87
2013-08-16,69.8,12.77
2013-08-17,70.0,11.39
2013-08-18,71.1,10.24
2013-08-19,71.1,11.39
2013-08-20,71.1,19.68
2013-08-21,75.9,18.3
2013-08-22,75.9,16.11
2013-08-23,70.0,16.11
2013-08-24,68.0,16.11
2013-08-25,70.0,9.21
2013-08-26,70.0,17.26
2013-08-27,72.0,12.77
2013-08-28,72.0,12.77
2013-08-29,71.1,19.68
2013-08-30,66.9,17.26
2013-08-31,77.0,10.24
2013-09-01,77.0,13.81
2013-09-02,71.1,19.68
2013-09-03,72.0,16.11
2013-09-04,72.0,13.81
2013-09-05,70.0,11.39
2013-09-06,66.9,12.77
2013-09-07,73.0,12.77
2013-09-08,73.0,18.3
2013-09-09,73.0,17.26
2013-09-10,81.0,16.11
2013-09-11,81.0,17.26
2013-09-12,73.0,14.96
2013-09-13,64.9,6.9
2013-09-14,69.1,10.24
2013-09-15,69.1,10.24
2013-09-16,68.0,12.77
2013-09-17,68.0,10.24
2013-09-18,66.9,10.24
2013-09-19,73.0,12.77
2013-09-20,73.0,16.11
2013-09-21,64.9,12.77
2013-09-22,64.9,25.32
2013-09-23,64.0,13.81
2013-09-24,60.1,12.77
2013-09-25,61.0,12.77
2013-09-26,63.0,11.39
2013-09-27,63.0,20.83
2013-09-28,62.6,34.41
2013-09-29,62.1,27.73
2013-09-30,60.8,34.41
2013-10-01,59.0,16.11
2013-10-02,59.0,12.77
2013-10-03,59.0,9.21
2013-10-04,64.0,9.21
2013-10-05,69.1,8.06
2013-10-06,71.1,20.83
2013-10-07,71.1,19.68
2013-10-08,59.0,20.83
2013-10-09,60.1,14.96
2013-10-10,60.1,12.77
2013-10-11,59.0,8.06
2013-10-12,57.9,10.24
2013-10-13,62.1,13.81
2013-10-14,66.0,13.81
2013-10-15,66.0,10.24
2013-10-16,66.0,14.96
2013-10-17,64.0,9.21
2013-10-18,70.0,9.21
2013-10-19,70.0,8.06
2013-10-20,62.1,9.21
2013-10-21,72.0,5.87
2013-10-22,72.0,8.06
2013-10-23,57.0,5.87
2013-10-24,53.6,9.21
2013-10-25,60.1,9.21
2013-10-26,57.9,9.21
2013-10-27,60.1,17.26
2013-10-28,61.0,16.11
2013-10-29,61.0,12.77
2013-10-30,57.0,12.77
2013-10-31,55.4,12.77
2013-11-01,60.1,9.21
2013-11-02,60.1,24.17
2013-11-03,55.9,21.86
2013-11-04,52.0,9.21
2013-11-05,54.0,19.68
2013-11-06,55.0,9.21
2013-11-07,55.9,25.32
2013-11-08,55.9,19.68
2013-11-09,51.1,6.9
2013-11-10,57.9,11.39
2013-11-11,61.0,12.77
2013-11-12,62.1,17.26
2013-11-13,62.1,10.24
2013-11-14,57.0,8.06
2013-11-15,51.1,18.3
2013-11-16,51.8,21.86
2013-11-17,53.1,17.26
2013-11-18,53.6,26.35
2013-11-19,54.0,28.88
2013-11-20,54.0,17.26
2013-11-21,46.9,16.11
2013-11-22,52.0,12.77
2013-11-23,57.0,12.77
2013-11-24,57.0,12.77
2013-11-25,57.0,8.06
2013-11-26,55.9,8.06
2013-11-27,59.0,8.06
2013-11-28,59.0,6.9
2013-11-29,55.0,6.9
2013-11-30,48.9,6.9
2013-12-01,53.6,27.73
2013-12-02,53.1,24.17
2013-12-03,42.1,17.26
2013-12-04,43.0,12.77
2013-12-05,39.0,8.06
2013-12-06,36.0,25.32
2013-12-07,32.0,14.96
2013-12-08,30.9,6.9
2013-12-09,30.9,6.9
2013-12-10,35.6,6.9
2013-12-11,44.1,6.9
2013-12-12,46.0,13.81
2013-12-13,46.9,14.96
2013-12-14,46.9,10.24
2013-12-15,48.9,9.21
2013-12-16,48.9,10.24
2013-12-17,46.9,10.24
2013-12-18,48.0,14.96
2013-12-19,48.0,8.06
2013-12-20,50.0,28.88
2013-12-21,50.0,21.86
2013-12-22,51.8,17.26
2013-12-23,51.1,21.86
2013-12-24,51.1,6.9
2013-12-25,48.9,10.24
2013-12-26,50.0,6.9
2013-12-27,50.0,6.9
2013-12-28,46.9,9.21
2013-12-29,46.9,8.06
2013-12-30,46.9,11.39
2013-12-31,46.9,4.72
2014-01-01,46.9,8.06
2014-01-02,52.0,14.96
2014-01-03,52.0,20.83
2014-01-04,48.9,16.11
2014-01-05,50.0,16.11
2014-01-06,50.0,13.81
2014-01-07,48.0,10.24
2014-01-08,51.1,25.32
2014-01-09,51.1,29.92
2014-01-10,53.1,19.68
2014-01-11,53.6,34.41
2014-01-12,54.0,28.88
2014-01-13,51.1,18.3
2014-01-14,52.0,8.06
2014-01-15,53.1,12.77
2014-01-16,54.0,13.81
2014-01-17,54.0,17.26
2014-01-18,54.0,6.9
2014-01-19,48.9,8.06
2014-01-20,55.9,13.81
2014-01-21,55.9,14.96
2014-01-22,50.0,10.24
2014-01-23,55.0,24.17
2014-01-24,60.1,24.17
2014-01-25,60.1,13.81
2014-01-26,57.9,8.06
2014-01-27,57.9,8.06
2014-01-28,50.0,11.39
2014-01-29,52.0,24.17
2014-01-30,52.0,20.83
2014-01-31,48.9,13.81
2014-02-01,48.9,8.06
2014-02-02,48.0,9.21
2014-02-03,46.9,9.21
2014-02-04,44.1,13.81
2014-02-05,42.1,24.17
2014-02-06,35.1,24.17
2014-02-07,32.0,20.83
2014-02-08,36.0,23.02
2014-02-09,42.1,21.86
2014-02-10,52.0,19.68
2014-02-11,52.0,23.02
2014-02-12,53.1,37.98
2014-02-13,53.1,19.68
2014-02-14,54.0,24.17
2014-02-15,54.0,33.26
2014-02-16,54.0,34.41
2014-02-17,51.1,34.41
2014-02-18,51.8,25.32
2014-02-19,51.1,21.86
2014-02-20,48.9,24.17
2014-02-21,48.0,12.77
2014-02-22,48.0,12.77
2014-02-23,48.0,12.77
2014-02-24,51.1,12.77
2014-02-25,59.0,17.26
2014-02-26,59.0,17.26
2014-02-27,55.9,9.21
2014-02-28,64.0,19.68
2014-03-01,64.0,16.11
2014-03-02,53.1,24.17
2014-03-03,53.1,32.22
2014-03-04,55.4,18.3
2014-03-05,55.9,25.32
2014-03-06,55.9,35.79
2014-03-07,57.9,17.26
2014-03-08,57.9,28.88
2014-03-09,55.9,28.88
2014-03-10,54.0,19.68
2014-03-11,55.0,16.11
2014-03-12,61.0,8.06
2014-03-13,61.0,11.39
2014-03-14,55.9,20.83
2014-03-15,57.9,19.68
2014-03-16,57.9,19.68
2014-03-17,52.0,21.86
2014-03-18,52.0,14.96
2014-03-19,52.0,19.68
2014-03-20,50.0,18.3
2014-03-21,52.0,18.3
2014-03-22,55.9,17.26
2014-03-23,55.9,11.39
2014-03-24,66.9,23.02
2014-03-25,66.9,28.88
2014-03-26,55.9,25.32
2014-03-27,54.0,19.68
2014-03-28,55.0,20.83
2014-03-29,55.0,24.17
2014-03-30,55.0,18.3
2014-03-31,57.0,12.77
2014-04-01,57.0,11.39
2014-04-02,55.0,18.3
2014-04-03,55.0,21.86
2014-04-04,53.1,13.81
2014-04-05,53.1,20.83
2014-04-06,55.0,18.3
2014-04-07,62.1,18.3
2014-04-08,62.1,12.77
2014-04-09,55.9,17.26
2014-04-10,57.9,17.26
2014-04-11,57.9,18.3
2014-04-12,57.9,19.68
2014-04-13,72.0,18.3
2014-04-14,72.0,17.26
2014-04-15,59.0,13.81
2014-04-16,55.0,17.26
2014-04-17,55.0,19.68
2014-04-18,57.0,19.68
2014-04-19,57.0,20.83
2014-04-20,57.9,16.11
2014-04-21,57.9,11.39
2014-04-22,57.0,20.83
2014-04-23,55.0,20.83
2014-04-24,55.9,27.73
2014-04-25,55.9,13.81
2014-04-26,57.0,20.83
2014-04-27,57.0,21.86
2014-04-28,61.0,18.3
2014-04-29,78.1,14.96
2014-04-30,84.0,18.3
2014-05-01,84.0,18.3
2014-05-02,81.0,19.68
2014-05-03,59.0,20.83
2014-05-04,57.9,23.02
2014-05-05,57.9,18.3
2014-05-06,57.9,13.81
2014-05-07,57.9,11.39
2014-05-08,57.9,17.26
2014-05-09,55.0,19.68
2014-05-10,59.0,11.39
2014-05-11,63.0,16.11
2014-05-12,78.1,14.96
2014-05-13,80.1,14.96
2014-05-14,87.1,14.96
2014-05-15,87.1,23.02
2014-05-16,71.1,24.17
2014-05-17,63.0,14.96
2014-05-18,63.0,19.68
2014-05-19,64.9,14.96
2014-05-20,64.9,19.68
2014-05-21,64.0,14.96
2014-05-22,71.1,14.96
2014-05-23,71.1,16.11
2014-05-24,63.0,11.39
2014-05-25,63.0,13.81
2014-05-26,63.0,13.81
2014-05-27,63.0,12.77
2014-05-28,63.0,16.11
2014-05-29,63.0,12.77
2014-05-30,64.9,20.83
2014-05-31,64.9,19.68
2014-06-01,64.9,12.77
2014-06-02,64.9,12.77
2014-06-03,62.1,11.39
2014-06-04,62.1,14.96
2014-06-05,63.0,17.26
2014-06-06,64.9,18.3
2014-06-07,64.9,19.68
2014-06-08,66.0,16.11
2014-06-09,66.0,18.3
2014-06-10,64.9,18.3
2014-06-11,68.0,14.96
2014-06-12,68.0,16.11
2014-06-13,62.1,17.26
2014-06-14,64.4,12.77
2014-06-15,64.0,16.11
2014-06-16,61.0,16.11
2014-06-17,62.1,13.81
2014-06-18,64.0,12.77
2014-06-19,66.9,16.11
2014-06-20,66.9,17.26
2014-06-21,68.0,13.81
2014-06-22,70.0,17.26
2014-06-23,70.0,19.68
2014-06-24,66.0,12.77
2014-06-25,70.0,11.39
2014-06-26,64.0,14.96
2014-06-27,64.9,16.11
2014-06-28,64.9,19.68
2014-06-29,66.9,14.96
2014-06-30,75.0,20.83
2014-07-01,89.1,20.83
2014-07-02,89.1,13.81
2014-07-03,68.0,12.77
2014-07-04,68.0,16.11
2014-07-05,70.0,13.81
2014-07-06,72.0,11.39
2014-07-07,72.0,19.68
2014-07-08,72.0,21.86
2014-07-09,69.1,19.68
2014-07-10,68.0,13.81
2014-07-11,68.0,12.77
2014-07-12,66.2,10.24
2014-07-13,66.0,10.24
2014-07-14,63.0,13.81
2014-07-15,66.9,12.77
2014-07-16,68.0,11.39
2014-07-17,66.9,12.77
2014-07-18,66.9,14.96
2014-07-19,69.1,16.11
2014-07-20,69.1,12.77
2014-07-21,69.1,14.96
2014-07-22,71.1,14.96
2014-07-23,71.1,17.26
2014-07-24,64.9,17.26
2014-07-25,68.0,13.81
2014-07-26,70.0,21.86
2014-07-27,73.0,19.68
2014-07-28,73.0,21.86
2014-07-29,72.0,19.68
2014-07-30,72.0,20.83
2014-07-31,73.9,23.02
2014-08-01,73.9,20.83
2014-08-02,73.9,14.96
2014-08-03,73.9,9.21
2014-08-04,73.9,19.68
2014-08-05,70.0,19.68
2014-08-06,71.1,14.96
2014-08-07,71.1,17.26
2014-08-08,69.1,17.26
2014-08-09,71.1,23.02
2014-08-10,78.1,20.83
2014-08-11,78.1,16.11
2014-08-12,78.1,14.96
2014-08-13,64.0,12.77
2014-08-14,69.1,11.39
2014-08-15,69.1,8.06
2014-08-16,72.0,16.11
2014-08-17,72.0,19.68
2014-08-18,73.9,19.68
2014-08-19,73.9,16.11
2014-08-20,68.0,12.77
2014-08-21,71.1,10.24
2014-08-22,71.1,13.81
2014-08-23,77.0,12.77
2014-08-24,77.0,13.81
2014-08-25,79.0,14.96
2014-08-26,79.0,11.39
2014-08-27,73.9,16.11
2014-08-28,72.0,16.11
2014-08-29,72.0,13.81
2014-08-30,69.1,16.11
2014-08-31,69.1,12.77
2014-09-01,72.0,10.24
2014-09-02,72.0,13.81
2014-09-03,66.9,16.11
2014-09-04,79.0,14.96
2014-09-05,87.1,17.26
2014-09-06,87.1,17.26
2014-09-07,64.0,16.11
2014-09-08,66.0,11.39
2014-09-09,66.9,12.77
2014-09-10,69.1,11.39
2014-09-11,78.1,23.02
2014-09-12,81.0,17.26
2014-09-13,86.0,16.11
2014-09-14,86.0,13.81
2014-09-15,82.0,13.81
2014-09-16,73.0,13.81
2014-09-17,69.1,9.21
2014-09-18,69.1,10.24
2014-09-19,73.0,11.39
2014-09-20,86.0,14.96
2014-09-21,86.0,23.02
2014-09-22,68.0,18.3
2014-09-23,68.0,12.77
2014-09-24,68.0,21.86
2014-09-25,69.1,17.26
2014-09-26,69.1,18.3
2014-09-27,70.0,18.3
2014-09-28,71.1,19.68
2014-09-29,71.1,19.68
2014-09-30,66.0,14.96
2014-10-01,66.0,11.39
2014-10-02,69.1,11.39
2014-10-03,78.1,11.39
2014-10-04,78.1,9.21
2014-10-05,77.0,12.77
2014-10-06,77.0,16.11
2014-10-07,73.0,13.81
2014-10-08,73.0,10.24
2014-10-09,61.0,9.21
2014-10-10,66.0,11.39
2014-10-11,66.9,18.3
2014-10-12,66.9,12.77
2014-10-13,68.0,18.3
2014-10-14,68.0,21.86
2014-10-15,63.0,17.26
2014-10-16,66.9,13.81
2014-10-17,66.9,21.86
2014-10-18,66.0,19.68
2014-10-19,68.0,19.68
2014-10-20,68.0,23.02
2014-10-21,62.1,19.68
2014-10-22,62.1,27.73
2014-10-23,61.0,21.86
2014-10-24,61.0,12.77
2014-10-25,60.1,35.79
2014-10-26,60.1,23.02
2014-10-27,61.0,10.24
2014-10-28,61.0,26.35
2014-10-29,63.0,23.02
2014-10-30,63.0,13.81
2014-10-31,62.1,9.21
2014-11-01,59.0,11.39
2014-11-02,57.2,18.3
2014-11-03,59.0,18.3
2014-11-04,61.0,23.02
2014-11-05,62.1,8.06
2014-11-06,62.1,26.35
2014-11-07,61.0,14.96
2014-11-08,59.0,10.24
2014-11-09,57.9,23.02
2014-11-10,57.0,14.96
2014-11-11,57.0,25.32
2014-11-12,51.1,21.86
2014-11-13,46.0,20.83
2014-11-14,48.0,11.39
2014-11-15,48.0,18.3
2014-11-16,53.1,18.3
2014-11-17,55.0,11.39
2014-11-18,55.0,10.24
2014-11-19,55.0,11.39
2014-11-20,55.0,13.81
2014-11-21,57.0,31.07
2014-11-22,57.0,28.88
2014-11-23,55.9,26.35
2014-11-24,55.9,11.39
2014-11-25,57.9,23.02
2014-11-26,57.9,17.26
2014-11-27,61.0,25.32
2014-11-28,59.0,26.35
2014-11-29,57.0,24.17
2014-11-30,45.0,25.32
2014-12-01,44.1,16.11
2014-12-02,45.0,18.3
2014-12-03,51.1,18.3
2014-12-04,51.1,11.39
2014-12-05,57.9,11.39
2014-12-06,57.9,17.26
2014-12-07,57.0,11.39
2014-12-08,62.1,16.11
2014-12-09,62.1,34.41
2014-12-10,62.6,34.41
2014-12-11,63.0,21.86
2014-12-12,63.0,39.13
2014-12-13,54.0,8.06
2014-12-14,54.0,20.83
2014-12-15,54.0,18.3
2014-12-16,52.0,13.81
2014-12-17,52.0,9.21
2014-12-18,55.9,18.3
2014-12-19,55.9,11.39
2014-12-20,55.9,21.86
2014-12-21,57.0,26.35
2014-12-22,55.9,12.77
2014-12-23,57.0,14.96
2014-12-24,57.0,18.3
2014-12-25,52.0,25.32
2014-12-26,52.0,6.9
2014-12-27,51.1,27.73
2014-12-28,51.1,18.3
2014-12-29,50.0,19.68
2014-12-30,45.0,18.3
2014-12-31,43.0,13.81
2015-01-01,46.9,12.77
2015-01-02,46.9,6.9
2015-01-03,42.1,8.06
2015-01-04,53.1,23.02
2015-01-05,54.0,29.92
2015-01-06,54.0,13.81
2015-01-07,57.0,12.77
2015-01-08,57.0,11.39
2015-01-09,55.0,9.21
2015-01-10,55.0,4.72
2015-01-11,48.2,6.9
2015-01-12,50.0,9.21
2015-01-13,53.1,10.24
2015-01-14,54.0,14.96
2015-01-15,54.0,12.77
2015-01-16,55.9,25.32
2015-01-17,57.2,20.83
2015-01-18,59.0,34.41
2015-01-19,53.1,14.96
2015-01-20,53.1,10.24
2015-01-21,53.1,10.24
2015-01-22,53.1,8.06
2015-01-23,55.9,11.39
2015-01-24,57.9,19.68
2015-01-25,63.0,6.9
2015-01-26,63.0,16.11
2015-01-27,59.0,13.81
2015-01-28,57.0,10.24
2015-01-29,57.9,10.24
2015-01-30,57.9,9.21
2015-01-31,55.0,9.21
2015-02-01,54.0,13.81
2015-02-02,55.9,20.83
2015-02-03,55.9,12.77
2015-02-04,54.0,10.24
2015-02-05,59.0,29.92
2015-02-06,61.0,28.88
2015-02-07,61.0,28.88
2015-02-08,55.9,21.86
2015-02-09,55.9,19.68
2015-02-10,55.0,19.68
2015-02-11,55.9,6.9
2015-02-12,61.0,6.9
2015-02-13,61.0,11.39
2015-02-14,59.0,11.39
2015-02-15,62.1,16.11
2015-02-16,62.1,19.68
2015-02-17,64.9,18.3
2015-02-18,64.9,13.81
2015-02-19,57.0,11.39
2015-02-20,54.0,12.77
2015-02-21,55.9,14.96
2015-02-22,55.9,13.81
2015-02-23,57.9,12.77
2015-02-24,57.9,11.39
2015-02-25,52.0,10.24
2015-02-26,53.6,10.24
2015-02-27,53.1,9.21
2015-02-28,57.9,16.11
2015-03-01,57.9,11.39
2015-03-02,54.0,16.11
2015-03-03,57.0,16.11
2015-03-04,57.0,11.39
2015-03-05,57.0,11.39
2015-03-06,61.0,9.21
2015-03-07,62.1,12.77
2015-03-08,66.9,13.81
2015-03-09,66.9,10.24
2015-03-10,59.0,20.83
2015-03-11,59.0,24.17
2015-03-12,62.1,18.3
2015-03-13,66.9,14.96
2015-03-14,66.9,28.88
2015-03-15,61.0,40.28
2015-03-16,61.0,21.86
2015-03-17,59.0,17.26
2015-03-18,59.0,10.24
2015-03-19,62.1,13.81
2015-03-20,62.1,18.3
2015-03-21,57.9,20.83
2015-03-22,57.0,14.96
2015-03-23,55.9,20.83
2015-03-24,55.9,16.11
2015-03-25,55.9,20.83
2015-03-26,66.0,16.11
2015-03-27,66.0,17.26
2015-03-28,59.0,24.17
2015-03-29,57.9,13.81
2015-03-30,57.9,14.96
2015-03-31,57.9,20.83
2015-04-01,55.0,12.77
2015-04-02,55.0,12.77
2015-04-03,55.0,11.39
2015-04-04,55.0,13.81
2015-04-05,55.0,12.77
2015-04-06,55.0,12.77
2015-04-07,61.0,17.26
2015-04-08,61.0,13.81
2015-04-09,63.0,13.81
2015-04-10,63.0,20.83
2015-04-11,55.0,21.86
2015-04-12,55.9,19.68
2015-04-13,55.9,20.83
2015-04-14,53.1,14.96
2015-04-15,57.0,13.81
2015-04-16,64.0,17.26
2015-04-17,64.0,21.86
2015-04-18,64.9,20.83
2015-04-19,66.9,19.68
2015-04-20,66.9,18.3
2015-04-21,66.9,23.02
2015-04-22,55.9,20.83
2015-04-23,55.9,20.83
2015-04-24,55.9,16.11
2015-04-25,57.9,12.77
2015-04-26,57.9,11.39
2015-04-27,79.0,14.96
2015-04-28,81.0,14.96
2015-04-29,59.0,14.96
2015-04-30,61.0,17.26
2015-05-01,61.0,19.68
2015-05-02,61.0,19.68
2015-05-03,63.0,18.3
2015-05-04,63.0,16.11
2015-05-05,59.0,16.11
2015-05-06,60.1,19.68
2015-05-07,62.1,19.68
2015-05-08,75.0,16.11
2015-05-09,75.0,13.81
2015-05-10,64.9,13.81
2015-05-11,62.1,17.26
2015-05-12,62.1,11.39
2015-05-13,57.0,11.39
2015-05-14,62.1,16.11
2015-05-15,62.1,17.26
2015-05-16,57.9,11.39
2015-05-17,60.1,9.21
2015-05-18,59.0,10.24
2015-05-19,60.1,11.39
2015-05-20,63.0,12.77
2015-05-21,63.0,14.96
2015-05-22,57.0,11.39
2015-05-23,60.1,10.24
2015-05-24,60.1,11.39
2015-05-25,64.0,12.77
2015-05-26,64.9,9.21
2015-05-27,64.9,11.39
2015-05-28,64.0,12.77
2015-05-29,60.1,17.26
2015-05-30,64.0,13.81
2015-05-31,70.0,13.81
2015-06-01,70.0,16.11
2015-06-02,61.0,16.11
2015-06-03,64.9,13.81
2015-06-04,66.0,19.68
2015-06-05,72.0,18.3
2015-06-06,72.0,20.83
2015-06-07,72.0,17.26
2015-06-08,72.0,19.68
2015-06-09,66.9,18.3
2015-06-10,66.0,16.11
2015-06-11,64.0,19.68
2015-06-12,64.0,18.3
2015-06-13,64.0,17.26
2015-06-14,66.9,21.86
2015-06-15,66.9,21.86
2015-06-16,63.0,17.26
2015-06-17,66.0,18.3
2015-06-18,66.0,19.68
2015-06-19,66.0,12.77
2015-06-20,66.9,20.83
2015-06-21,73.0,19.68
2015-06-22,73.0,11.39
2015-06-23,73.0,12.77
2015-06-24,75.0,14.96
2015-06-25,77.0,17.26
2015-06-26,77.0,19.68
2015-06-27,84.9,20.83
2015-06-28,84.9,20.83
2015-06-29,69.1,12.77
2015-06-30,71.1,18.3
2015-07-01,79.0,19.68
2015-07-02,79.0,20.83
2015-07-03,75.9,13.81
2015-07-04,71.1,11.39
2015-07-05,71.1,19.68
2015-07-06,68.0,17.26
2015-07-07,70.0,13.81
2015-07-08,72.0,12.77
2015-07-09,72.0,11.39
2015-07-10,68.0,16.11
2015-07-11,68.0,14.96
2015-07-12,71.1,13.81
2015-07-13,73.9,17.26
2015-07-14,73.9,18.3
2015-07-15,71.1,17.26
2015-07-16,71.1,16.11
2015-07-17,75.0,16.11
2015-07-18,89.1,18.3
2015-07-19,89.1,18.3
2015-07-20,69.1,12.77
2015-07-21,70.0,14.96
2015-07-22,70.0,14.96
2015-07-23,71.1,14.96
2015-07-24,71.1,14.96
2015-07-25,69.1,12.77
2015-07-26,70.0,14.96
2015-07-27,70.0,13.81
2015-07-28,75.9,17.26
2015-07-29,82.9,21.86
2015-07-30,86.0,21.86
2015-07-31,86.0,19.68
2015-08-01,78.1,17.26
2015-08-02,78.1,20.83
2015-08-03,73.9,16.11
2015-08-04,71.1,19.68
2015-08-05,71.1,17.26
2015-08-06,73.0,13.81
2015-08-07,75.0,17.26
2015-08-08,75.0,17.26
2015-08-09,73.9,12.77
2015-08-10,73.9,14.96
2015-08-11,79.0,19.68
2015-08-12,79.0,19.68
2015-08-13,75.9,11.39
2015-08-14,72.0,12.77
2015-08-15,72.0,14.96
2015-08-16,72.0,20.83
2015-08-17,75.9,18.3
2015-08-18,86.0,19.68
2015-08-19,86.0,20.83
2015-08-20,80.1,20.83
2015-08-21,70.0,14.96
2015-08-22,81.0,17.26
2015-08-23,81.0,20.83
2015-08-24,70.0,18.3
2015-08-25,73.0,14.96
2015-08-26,73.0,17.26
2015-08-27,73.9,12.77
2015-08-28,73.9,8.06
2015-08-29,70.0,34.41
2015-08-30,68.0,24.17
2015-08-31,68.0,17.26
2015-09-01,64.9,17.26
2015-09-02,66.9,13.81
2015-09-03,66.9,12.77
2015-09-04,66.9,17.26
2015-09-05,66.9,17.26
2015-09-06,66.9,11.39
2015-09-07,71.1,12.77
2015-09-08,73.0,13.81
2015-09-09,75.0,17.26
2015-09-10,75.0,17.26
2015-09-11,78.1,13.81
2015-09-12,79.0,13.81
2015-09-13,68.0,16.11
2015-09-14,66.9,14.96
2015-09-15,64.0,13.81
2015-09-16,68.0,11.39
2015-09-17,68.0,13.81
2015-09-18,70.0,13.81
2015-09-19,70.0,11.39
2015-09-20,68.0,16.11
2015-09-21,68.0,24.17
2015-09-22,66.0,19.68
2015-09-23,66.0,14.96
2015-09-24,66.9,17.26
2015-09-25,68.0,13.81
2015-09-26,68.0,16.11
2015-09-27,68.0,18.3
2015-09-28,75.9,20.83
2015-09-29,75.9,14.96
2015-09-30,69.1,16.11
2015-10-01,66.9,9.21
2015-10-02,66.9,12.77
2015-10-03,69.1,13.81
2015-10-04,77.0,11.39
2015-10-05,81.0,10.24
2015-10-06,81.0,21.86
2015-10-07,64.9,13.81
2015-10-08,66.9,8.06
2015-10-09,69.1,21.86
2015-10-10,69.1,33.26
2015-10-11,66.9,16.11
2015-10-12,68.0,12.77
2015-10-13,68.0,12.77
2015-10-14,70.0,13.81
2015-10-15,77.0,14.96
2015-10-16,77.0,9.21
2015-10-17,64.0,11.39
2015-10-18,64.0,10.24
2015-10-19,62.1,13.81
2015-10-20,64.9,10.24
2015-10-21,64.9,10.24
2015-10-22,63.0,14.96
2015-10-23,63.0,14.96
2015-10-24,64.9,10.24
2015-10-25,64.9,16.11
2015-10-26,62.1,25.32
2015-10-27,63.0,8.06
2015-10-28,63.0,14.96
2015-10-29,64.9,16.11
2015-10-30,64.9,26.35
2015-10-31,62.6,29.92
2015-11-01,62.1,20.83
2015-11-02,60.1,11.39
2015-11-03,59.0,12.77
2015-11-04,57.9,10.24
2015-11-05,57.9,14.96
2015-11-06,62.1,11.39
2015-11-07,62.1,21.86
2015-11-08,59.0,16.11
2015-11-09,57.0,9.21
2015-11-10,57.0,10.24
2015-11-11,57.0,24.17
2015-11-12,57.0,23.02
2015-11-13,61.0,27.73
2015-11-14,61.0,21.86
2015-11-15,55.9,27.73
2015-11-16,51.1,24.17
2015-11-17,63.0,31.07
2015-11-18,63.0,24.17
2015-11-19,53.1,19.68
2015-11-20,52.0,18.3
2015-11-21,55.9,16.11
2015-11-22,55.9,11.39
2015-11-23,53.1,9.21
2015-11-24,48.9,13.81
2015-11-25,48.9,12.77
2015-11-26,50.0,12.77
2015-11-27,53.1,12.77
2015-11-28,53.1,12.77
2015-11-29,52.0,13.81
2015-11-30,52.0,9.21
2015-12-01,53.1,12.77
2015-12-02,53.1,13.81
2015-12-03,63.0,21.86
2015-12-04,63.0,19.68
2015-12-05,55.0,14.96
2015-12-06,57.0,26.35
2015-12-07,59.0,28.88
2015-12-08,61.0,31.07
2015-12-09,61.0,24.17
2015-12-10,57.0,29.92
2015-12-11,55.9,17.26
2015-12-12,57.0,29.92
2015-12-13,57.0,26.35
2015-12-14,51.1,25.32
2015-12-15,50.0,8.06
2015-12-16,48.9,12.77
2015-12-17,48.9,12.77
2015-12-18,57.2,26.35
2015-12-19,57.0,10.24
2015-12-20,50.0,21.86
2015-12-21,53.6,40.28
2015-12-22,53.1,27.73
2015-12-23,48.9,28.88
2015-12-24,48.9,21.86
2015-12-25,46.9,9.21
2015-12-26,46.9,8.06
2015-12-27,43.0,14.96
2015-12-28,46.9,9.21
2015-12-29,46.9,11.39
2015-12-30,45.0,14.96
2015-12-31,39.0,10.24
2016-01-01,46.9,23.02
2016-01-02,46.9,20.83
2016-01-03,42.1,16.11
2016-01-04,43.0,10.24
2016-01-05,48.0,13.81
2016-01-06,50.0,12.77
2016-01-07,50.0,5.87
2016-01-08,52.0,8.06
2016-01-09,52.0,14.96
2016-01-10,53.1,12.77
2016-01-11,55.0,13.81
2016-01-12,55.0,14.96
2016-01-13,55.9,28.88
2016-01-14,55.0,11.39
2016-01-15,53.1,12.77
2016-01-16,55.9,24.17
2016-01-17,55.9,19.68
2016-01-18,54.0,10.24
2016-01-19,52.0,16.11
2016-01-20,48.9,14.96
2016-01-21,59.0,24.17
2016-01-22,59.0,19.68
2016-01-23,52.0,14.96
2016-01-24,52.0,13.81
2016-01-25,57.0,9.21
2016-01-26,61.0,17.26
2016-01-27,61.0,13.81
2016-01-28,57.2,32.22
2016-01-29,57.0,23.02
2016-01-30,53.1,12.77
2016-01-31,46.9,8.06
2016-02-01,48.0,12.77
2016-02-02,48.0,9.21
2016-02-03,50.0,16.11
2016-02-04,54.0,21.86
2016-02-05,59.0,28.88
2016-02-06,59.0,28.88
2016-02-07,62.1,11.39
2016-02-08,64.0,13.81
2016-02-09,66.9,13.81
2016-02-10,66.9,18.3
2016-02-11,59.0,13.81
2016-02-12,55.9,23.02
2016-02-13,55.9,19.68
2016-02-14,53.6,26.35
2016-02-15,53.1,20.83
2016-02-16,55.9,21.86
2016-02-17,60.1,24.17
2016-02-18,60.1,17.26
2016-02-19,52.0,24.17
2016-02-20,51.1,20.83
2016-02-21,54.0,14.96
2016-02-22,54.0,14.96
2016-02-23,60.1,14.96
2016-02-24,60.1,12.77
2016-02-25,64.0,9.21
2016-02-26,64.0,9.21
2016-02-27,55.0,16.11
2016-02-28,55.0,29.92
2016-02-29,52.0,17.26
2016-03-01,57.0,27.73
2016-03-02,57.0,27.73
2016-03-03,59.0,21.86
2016-03-04,59.0,14.96
2016-03-05,63.0,26.35
2016-03-06,63.0,21.86
2016-03-07,54.0,16.11
2016-03-08,53.1,13.81
2016-03-09,57.0,24.17
2016-03-10,57.2,41.31
2016-03-11,51.1,51.1
2016-03-12,51.1,23.02
2016-03-13,51.1,32.22
2016-03-14,51.1,24.17
2016-03-15,50.0,19.68
2016-03-16,54.0,16.11
2016-03-17,60.1,23.02
2016-03-18,66.9,23.02
2016-03-19,66.9,13.81
2016-03-20,59.0,20.83
2016-03-21,57.0,19.68
2016-03-22,55.0,13.81
2016-03-23,52.0,18.3
2016-03-24,53.1,19.68
2016-03-25,55.0,17.26
2016-03-26,57.0,10.24
2016-03-27,57.0,19.68
2016-03-28,55.9,14.96
2016-03-29,60.1,16.11
2016-03-30,69.1,16.11
2016-03-31,69.1,13.81
2016-04-01,62.1,12.77
2016-04-02,60.1,12.77
2016-04-03,62.1,21.86
2016-04-04,62.1,21.86
2016-04-05,59.0,16.11
2016-04-06,69.1,11.39
2016-04-07,81.0,16.11
2016-04-08,81.0,20.83
2016-04-09,59.0,19.68
2016-04-10,55.0,10.24
2016-04-11,55.9,10.24
2016-04-12,57.0,21.86
2016-04-13,59.0,13.81
2016-04-14,59.0,19.68
2016-04-15,57.0,18.3
2016-04-16,64.9,10.24
2016-04-17,84.9,13.81
2016-04-18,84.9,11.39
2016-04-19,73.9,13.81
2016-04-20,68.0,13.81
2016-04-21,66.0,17.26
2016-04-22,66.0,18.3
2016-04-23,60.1,17.26
2016-04-24,60.1,14.96
2016-04-25,57.0,16.11
2016-04-26,57.0,13.81
2016-04-27,59.0,10.24
2016-04-28,60.1,14.96
2016-04-29,61.0,14.96
2016-04-30,61.0,18.3
2016-05-01,81.0,17.26
2016-05-02,81.0,18.3
2016-05-03,72.0,12.77
2016-05-04,63.0,18.3
2016-05-05,62.1,18.3
2016-05-06,71.1,18.3
2016-05-07,71.1,19.68
2016-05-08,64.9,18.3
2016-05-09,61.0,18.3
2016-05-10,72.0,17.26
2016-05-11,73.0,17.26
2016-05-12,73.0,12.77
2016-05-13,63.0,13.81
2016-05-14,61.0,10.24
2016-05-15,57.0,8.06
2016-05-16,61.0,14.96
2016-05-17,63.0,16.11
2016-05-18,63.0,17.26
2016-05-19,61.0,14.96
2016-05-20,62.1,12.77
2016-05-21,62.1,16.11
2016-05-22,61.0,13.81
2016-05-23,64.0,13.81
2016-05-24,64.0,14.96
2016-05-25,62.1,16.11
2016-05-26,61.0,13.81
2016-05-27,60.1,14.96
2016-05-28,60.1,16.11
2016-05-29,64.0,14.96
2016-05-30,69.1,16.11
2016-05-31,77.0,19.68
2016-06-01,77.0,19.68
2016-06-02,64.9,14.96
2016-06-03,77.0,17.26
2016-06-04,86.0,17.26
2016-06-05,87.1,14.96
2016-06-06,71.1,23.02
2016-06-07,71.1,17.26
2016-06-08,70.0,16.11
2016-06-09,64.9,13.81
2016-06-10,63.0,13.81
2016-06-11,64.9,14.96
2016-06-12,66.0,17.26
2016-06-13,66.0,16.11
2016-06-14,60.1,17.26
2016-06-15,62.1,14.96
2016-06-16,62.1,11.39
2016-06-17,66.0,10.24
2016-06-18,66.0,19.68
2016-06-19,70.0,20.83
2016-06-20,70.0,20.83
2016-06-21,66.9,18.3
2016-06-22,68.0,20.83
2016-06-23,68.0,12.77
2016-06-24,64.9,12.77
2016-06-25,69.1,21.86
2016-06-26,75.0,21.86
2016-06-27,75.0,20.83
2016-06-28,66.9,13.81
2016-06-29,63.0,16.11
2016-06-30,63.0,16.11
2016-07-01,71.1,13.81
2016-07-02,71.1,13.81
2016-07-03,66.0,18.3
2016-07-04,66.0,18.3
2016-07-05,66.9,13.81
2016-07-06,70.0,12.77
2016-07-07,70.0,14.96
2016-07-08,66.9,17.26
2016-07-09,66.9,17.26
2016-07-10,70.0,17.26
2016-07-11,70.0,14.96
2016-07-12,69.1,14.96
2016-07-13,71.1,18.3
2016-07-14,71.1,19.68
2016-07-15,69.1,18.3
2016-07-16,69.1,11.39
2016-07-17,69.1,11.39
2016-07-18,69.1,20.83
2016-07-19,69.1,18.3
2016-07-20,73.0,13.81
2016-07-21,72.0,13.81
2016-07-22,71.1,16.11
2016-07-23,69.1,14.96
2016-07-24,73.9,21.86
2016-07-25,73.9,20.83
2016-07-26,72.0,17.26
2016-07-27,71.1,17.26
2016-07-28,73.9,16.11
2016-07-29,73.9,19.68
2016-07-30,70.0,19.68
2016-07-31,66.0,17.26
2016-08-01,66.9,17.26
2016-08-02,68.0,16.11
2016-08-03,70.0,16.11
2016-08-04,73.0,23.02
2016-08-05,73.0,23.02
2016-08-06,69.1,14.96
2016-08-07,69.1,13.81
2016-08-08,66.9,12.77
2016-08-09,66.9,11.39
2016-08-10,70.0,13.81
2016-08-11,79.0,18.3
2016-08-12,84.9,18.3
2016-08-13,84.9,16.11
2016-08-14,71.1,16.11
2016-08-15,68.0,17.26
2016-08-16,68.0,16.11
2016-08-17,66.9,12.77
2016-08-18,88.0,11.39
2016-08-19,98.1,14.96
2016-08-20,90.0,14.96
2016-08-21,69.1,11.39
2016-08-22,69.1,12.77
2016-08-23,75.0,17.26
2016-08-24,84.9,16.11
2016-08-25,91.0,17.26
2016-08-26,91.0,17.26
2016-08-27,91.0,16.11
2016-08-28,71.1,10.24
2016-08-29,71.1,18.3
2016-08-30,69.1,20.83
2016-08-31,69.1,16.11
2016-09-01,66.0,11.39
2016-09-02,69.1,19.68
2016-09-03,69.1,13.81
2016-09-04,68.0,11.39
2016-09-05,68.0,11.39
2016-09-06,68.0,16.11
2016-09-07,69.1,11.39
2016-09-08,69.1,17.26
2016-09-09,75.9,16.11
2016-09-10,75.9,18.3
2016-09-11,73.9,16.11
2016-09-12,78.1,9.21
2016-09-13,80.1,12.77
2016-09-14,80.1,16.11
2016-09-15,68.0,10.24
2016-09-16,68.0,12.77
2016-09-17,66.0,19.68
2016-09-18,69.1,13.81
2016-09-19,69.1,12.77
2016-09-20,68.0,12.77
2016-09-21,68.0,18.3
2016-09-22,70.0,14.96
2016-09-23,66.0,23.02
2016-09-24,70.0,10.24
2016-09-25,78.1,9.21
2016-09-26,78.1,17.26
2016-09-27,77.0,17.26
2016-09-28,69.1,16.11
2016-09-29,69.1,14.96
2016-09-30,66.0,18.3
2016-10-01,63.0,19.68
2016-10-02,63.0,13.81
2016-10-03,60.1,10.24
2016-10-04,62.1,19.68
2016-10-05,62.1,16.11
2016-10-06,62.1,17.26
2016-10-07,62.1,25.32
2016-10-08,66.0,20.83
2016-10-09,66.0,23.02
2016-10-10,62.1,13.81
2016-10-11,68.0,13.81
2016-10-12,68.0,9.21
2016-10-13,64.9,26.35
2016-10-14,64.9,36.94
2016-10-15,64.0,34.41
2016-10-16,64.0,29.92
2016-10-17,63.0,14.96
2016-10-18,62.1,14.96
2016-10-19,61.0,10.24
2016-10-20,62.1,23.02
2016-10-21,62.1,13.81
2016-10-22,64.0,13.81
2016-10-23,64.0,13.81
2016-10-24,63.0,17.26
2016-10-25,64.9,18.3
2016-10-26,64.9,25.32
2016-10-27,64.0,20.83
2016-10-28,64.0,11.39
2016-10-29,64.0,14.96
2016-10-30,62.1,9.21
2016-10-31,59.0,21.86
2016-11-01,59.0,16.11
2016-11-02,64.9,23.02
2016-11-03,64.9,25.32
2016-11-04,66.9,11.39
2016-11-05,66.9,19.68
2016-11-06,60.1,11.39
2016-11-07,66.9,10.24
2016-11-08,71.1,14.96
2016-11-09,71.1,17.26
2016-11-10,64.9,10.24
2016-11-11,61.0,8.06
2016-11-12,66.9,26.35
2016-11-13,62.1,10.24
2016-11-14,59.0,24.17
2016-11-15,59.0,18.3
2016-11-16,59.0,14.96
2016-11-17,55.0,6.9
2016-11-18,55.0,19.68
2016-11-19,57.0,23.02
2016-11-20,57.0,18.3
2016-11-21,55.9,11.39
2016-11-22,55.9,17.26
2016-11-23,55.0,14.96
2016-11-24,54.0,21.86
2016-11-25,54.0,20.83
2016-11-26,55.0,14.96
2016-11-27,55.0,23.02
2016-11-28,55.9,24.17
2016-11-29,55.9,13.81
2016-11-30,55.9,19.68
2016-12-01,54.0,11.39
2016-12-02,53.1,20.83
2016-12-03,54.0,18.3
2016-12-04,54.0,21.86
2016-12-05,52.0,23.02
2016-12-06,44.1,10.24
2016-12-07,44.1,20.83
2016-12-08,41.0,25.32
2016-12-09,46.0,19.68
2016-12-10,52.0,16.11
2016-12-11,52.0,29.92
2016-12-12,51.1,11.39
2016-12-13,48.0,14.96
2016-12-14,45.0,21.86
2016-12-15,39.9,20.83
2016-12-16,41.0,11.39
2016-12-17,41.0,9.21
2016-12-18,42.1,8.06
2016-12-19,54.0,27.73
2016-12-20,55.9,29.92
2016-12-21,55.9,11.39
2016-12-22,48.0,8.06
2016-12-23,46.9,18.3
2016-12-24,46.9,6.9
2016-12-25,45.0,9.21
2016-12-26,46.9,9.21
2016-12-27,51.1,25.32
2016-12-28,51.1,13.81
2016-12-29,52.0,16.11
2016-12-30,52.0,24.17
2016-12-31,48.9,9.21
2017-01-01,45.0,25.32
2017-01-02,44.1,20.83
2017-01-03,39.0,26.35
2017-01-04,39.0,26.35
2017-01-05,41.0,11.39
2017-01-06,41.0,9.21
2017-01-07,39.9,16.11
2017-01-08,43.0,18.3
2017-01-09,50.0,19.68
2017-01-10,48.9,17.26
2017-01-11,43.0,18.3
2017-01-12,41.0,13.81
2017-01-13,41.0,10.24
2017-01-14,45.0,11.39
2017-01-15,46.0,12.77
2017-01-16,48.0,11.39
2017-01-17,57.0,28.88
2017-01-18,57.0,35.79
2017-01-19,57.0,24.17
2017-01-20,52.0,16.11
2017-01-21,50.0,9.21
2017-01-22,51.1,19.68
2017-01-23,53.1,19.68
2017-01-24,53.1,9.21
2017-01-25,48.9,6.9
2017-01-26,48.9,8.06
2017-01-27,53.1,8.06
2017-01-28,53.1,8.06
2017-01-29,48.9,10.24
2017-01-30,46.0,9.21
2017-01-31,48.0,13.81
2017-02-01,48.0,29.92
2017-02-02,45.0,26.35
2017-02-03,45.0,19.68
2017-02-04,50.0,23.02
2017-02-05,50.0,17.26
2017-02-06,45.0,16.11
2017-02-07,44.1,12.77
2017-02-08,44.6,14.96
2017-02-09,57.0,36.94
2017-02-10,57.0,27.73
2017-02-11,50.0,11.39
2017-02-12,50.0,10.24
2017-02-13,64.0,19.68
2017-02-14,64.0,12.77
2017-02-15,59.0,28.88
2017-02-16,57.9,32.22
2017-02-17,55.0,12.77
2017-02-18,53.1,11.39
2017-02-19,50.0,16.11
2017-02-20,48.0,13.81
2017-02-21,50.0,14.96
2017-02-22,50.0,14.96
2017-02-23,46.9,13.81
2017-02-24,46.9,9.21
2017-02-25,46.0,11.39
2017-02-26,46.0,14.96
2017-02-27,45.0,14.96
2017-02-28,48.9,14.96
2017-03-01,50.0,16.11
2017-03-02,50.0,16.11
2017-03-03,50.0,24.17
2017-03-04,50.0,23.02
2017-03-05,45.0,17.26
2017-03-06,44.1,23.02
2017-03-07,50.0,25.32
2017-03-08,50.0,17.26
2017-03-09,54.0,17.26
2017-03-10,54.0,27.73
2017-03-11,52.0,23.02
2017-03-12,57.9,18.3
2017-03-13,57.9,16.11
2017-03-14,57.2,26.35
2017-03-15,57.0,20.83
2017-03-16,53.1,20.83
2017-03-17,51.1,13.81
2017-03-18,57.9,31.07
2017-03-19,57.9,10.24
2017-03-20,54.0,14.96
2017-03-21,57.9,16.11
2017-03-22,59.0,20.83
2017-03-23,53.1,16.11
2017-03-24,53.1,20.83
2017-03-25,50.0,17.26
2017-03-26,51.1,18.3
2017-03-27,51.1,19.68
2017-03-28,52.0,21.86
2017-03-29,52.0,29.92
2017-03-30,53.1,18.3
2017-03-31,54.0,16.11
2017-04-01,54.0,13.81
2017-04-02,54.0,16.11
2017-04-03,54.0,12.77
2017-04-04,59.0,9.21
2017-04-05,59.0,10.24
2017-04-06,55.4,16.11
2017-04-07,55.0,35.79
2017-04-08,55.0,20.83
2017-04-09,55.0,18.3
2017-04-10,55.0,23.02
2017-04-11,57.0,14.96
2017-04-12,57.0,23.02
2017-04-13,54.0,16.11
2017-04-14,52.0,18.3
2017-04-15,55.0,13.81
2017-04-16,66.0,14.96
2017-04-17,66.0,14.96
2017-04-18,57.9,19.68
2017-04-19,57.9,17.26
2017-04-20,55.9,16.11
2017-04-21,69.1,20.83
2017-04-22,70.0,19.68
2017-04-23,60.1,17.26
2017-04-24,53.1,16.11
2017-04-25,54.0,14.96
2017-04-26,54.0,17.26
2017-04-27,54.0,14.96
2017-04-28,55.9,14.96
2017-04-29,55.9,16.11
2017-04-30,55.9,19.68
2017-05-01,55.9,11.39
2017-05-02,57.9,8.06
2017-05-03,71.1,11.39
2017-05-04,71.1,12.77
2017-05-05,62.1,17.26
2017-05-06,57.0,16.11
2017-05-07,59.0,19.68
2017-05-08,62.1,17.26
2017-05-09,63.0,13.81
2017-05-10,63.0,14.96
2017-05-11,61.0,17.26
2017-05-12,57.9,14.96
2017-05-13,55.9,14.96
2017-05-14,57.0,14.96
2017-05-15,57.0,12.77
2017-05-16,54.0,20.83
2017-05-17,57.9,17.26
2017-05-18,62.1,10.24
2017-05-19,64.9,10.24
2017-05-20,64.9,13.81
2017-05-21,73.9,19.68
2017-05-22,84.0,21.86
2017-05-23,84.0,21.86
2017-05-24,62.1,20.83
2017-05-25,62.1,14.96
2017-05-26,71.1,14.96
2017-05-27,71.1,14.96
2017-05-28,60.1,13.81
2017-05-29,57.9,10.24
2017-05-30,57.0,9.21
2017-05-31,62.1,14.96
2017-06-01,62.1,14.96
2017-06-02,64.0,18.3
2017-06-03,64.0,16.11
2017-06-04,62.1,16.11
2017-06-05,66.0,17.26
2017-06-06,68.0,17.26
2017-06-07,68.0,13.81
2017-06-08,64.0,14.96
2017-06-09,59.0,18.3
2017-06-10,59.0,16.11
2017-06-11,63.0,16.11
2017-06-12,63.0,14.96
2017-06-13,61.0,14.96
2017-06-14,63.0,14.96
2017-06-15,63.0,24.17
2017-06-16,61.0,23.02
2017-06-17,62.1,10.24
2017-06-18,69.1,10.24
2017-06-19,73.0,16.11
2017-06-20,73.0,19.68
2017-06-21,64.0,18.3
2017-06-22,71.1,23.02
2017-06-23,78.1,19.68
2017-06-24,93.0,17.26
2017-06-25,93.0,17.26
2017-06-26,77.0,14.96
2017-06-27,66.0,12.77
2017-06-28,66.0,12.77
2017-06-29,68.0,16.11
2017-06-30,68.0,14.96
2017-07-01,64.0,11.39
2017-07-02,66.9,18.3
2017-07-03,66.9,18.3
2017-07-04,66.0,19.68
2017-07-05,69.1,19.68
2017-07-06,69.1,14.96
2017-07-07,66.0,14.96
2017-07-08,69.1,21.86
2017-07-09,69.1,18.3
2017-07-10,68.0,18.3
2017-07-11,66.0,18.3
2017-07-12,66.9,17.26
2017-07-13,66.9,13.81
2017-07-14,69.1,16.11
2017-07-15,69.1,12.77
2017-07-16,68.0,17.26
2017-07-17,68.0,18.3
2017-07-18,69.1,17.26
2017-07-19,69.1,12.77
2017-07-20,69.1,12.77
2017-07-21,69.1,10.24
2017-07-22,75.9,14.96
2017-07-23,75.9,21.86
2017-07-24,71.1,21.86
2017-07-25,71.1,19.68
2017-07-26,70.0,18.3
2017-07-27,68.0,18.3
2017-07-28,68.0,18.3
2017-07-29,70.0,18.3
2017-07-30,73.0,18.3
2017-07-31,77.0,20.83
2017-08-01,82.9,18.3
2017-08-02,93.0,17.26
2017-08-03,93.0,13.81
2017-08-04,75.9,13.81
2017-08-05,70.0,13.81
2017-08-06,70.0,12.77
2017-08-07,69.1,11.39
2017-08-08,63.0,10.24
2017-08-09,64.0,10.24
2017-08-10,63.0,9.21
2017-08-11,64.0,8.06
2017-08-12,66.9,13.81
2017-08-13,68.0,14.96
2017-08-14,68.0,16.11
2017-08-15,69.1,18.3
2017-08-16,70.0,19.68
2017-08-17,68.0,17.26
2017-08-18,69.1,14.96
2017-08-19,69.1,18.3
2017-08-20,69.1,19.68
2017-08-21,75.9,18.3
2017-08-22,75.9,18.3
2017-08-23,68.0,14.96
2017-08-24,69.1,14.96
2017-08-25,70.0,19.68
2017-08-26,77.0,20.83
2017-08-27,82.9,19.68
2017-08-28,84.9,13.81
2017-08-29,84.9,13.81
2017-08-30,69.1,14.96
2017-08-31,70.0,19.68
2017-09-01,79.0,19.68
2017-09-02,84.9,17.26
2017-09-03,87.1,17.26
2017-09-04,91.0,13.81
2017-09-05,91.0,13.81
2017-09-06,72.0,11.39
2017-09-07,69.1,11.39
2017-09-08,69.1,13.81
2017-09-09,66.9,14.96
2017-09-10,70.0,12.77
2017-09-11,79.0,19.68
2017-09-12,79.0,18.3
2017-09-13,68.0,16.11
2017-09-14,69.1,12.77
2017-09-15,70.0,10.24
2017-09-16,70.0,9.21
2017-09-17,66.0,21.86
2017-09-18,61.0,14.96
2017-09-19,62.1,17.26
2017-09-20,62.1,13.81
2017-09-21,62.1,10.24
2017-09-22,63.0,10.24
2017-09-23,66.0,9.21
2017-09-24,68.0,12.77
2017-09-25,68.0,9.21
2017-09-26,72.0,11.39
2017-09-27,84.0,11.39
2017-09-28,84.0,20.83
2017-09-29,75.0,16.11
2017-09-30,64.0,14.96
2017-10-01,64.0,16.11
2017-10-02,64.0,9.21
2017-10-03,69.1,13.81
2017-10-04,71.1,10.24
2017-10-05,71.1,9.21
2017-10-06,70.0,12.77
2017-10-07,61.0,17.26
2017-10-08,61.0,9.21
2017-10-09,63.0,12.77
2017-10-10,63.0,19.68
2017-10-11,59.0,16.11
2017-10-12,57.9,18.3
2017-10-13,57.9,14.96
2017-10-14,57.9,14.96
2017-10-15,64.0,13.81
2017-10-16,64.0,16.11
2017-10-17,59.0,25.32
2017-10-18,60.1,28.88
2017-10-19,60.1,32.22
2017-10-20,55.0,13.81
2017-10-21,59.0,28.88
2017-10-22,59.0,29.92
2017-10-23,66.0,12.77
2017-10-24,71.1,12.77
2017-10-25,71.1,17.26
2017-10-26,64.0,16.11
2017-10-27,71.1,16.11
2017-10-28,71.1,11.39
2017-10-29,62.1,9.21
2017-10-30,63.0,13.81
2017-10-31,63.0,11.39
2017-11-01,55.0,18.3
2017-11-02,55.9,19.68
2017-11-03,52.0,17.26
2017-11-04,50.0,10.24
2017-11-05,48.9,20.83
2017-11-06,50.0,10.24
2017-11-07,50.0,17.26
2017-11-08,48.9,21.86
2017-11-09,55.9,21.86
2017-11-10,55.9,12.77
2017-11-11,55.9,14.96
2017-11-12,55.9,12.77
2017-11-13,54.0,32.22
2017-11-14,55.0,28.88
2017-11-15,55.0,24.17
2017-11-16,51.1,11.39
2017-11-17,51.1,10.24
2017-11-18,53.1,9.21
2017-11-19,53.1,21.86
2017-11-20,54.0,27.73
2017-11-21,63.0,29.92
2017-11-22,64.0,28.88
2017-11-23,64.0,25.32
2017-11-24,57.9,16.11
2017-11-25,55.0,12.77
2017-11-26,63.0,32.22
2017-11-27,63.0,14.96
2017-11-28,51.1,28.88
2017-11-29,53.1,10.24
2017-11-30,53.1,12.77
2017-12-01,50.0,16.11
2017-12-02,50.0,12.77
2017-12-03,50.0,13.81
2017-12-04,50.0,8.06
2017-12-05,48.9,17.26
2017-12-06,54.0,23.02
2017-12-07,55.9,12.77
2017-12-08,55.9,10.24
2017-12-09,52.0,12.77
2017-12-10,51.1,17.26
2017-12-11,51.1,13.81
2017-12-12,51.1,8.06
2017-12-13,55.0,12.77
2017-12-14,55.0,12.77
2017-12-15,51.1,11.39
2017-12-16,50.0,9.21
2017-12-17,50.0,16.11
2017-12-18,52.0,21.86
2017-12-19,53.1,29.92
2017-12-20,53.1,19.68
2017-12-21,46.0,6.9
2017-12-22,43.0,6.9
2017-12-23,43.0,17.26
2017-12-24,43.0,13.81
2017-12-25,43.0,16.11
2017-12-26,43.0,13.81
2017-12-27,41.0,9.21
2017-12-28,50.0,17.26
2017-12-29,54.0,34.41
2017-12-30,54.0,34.41
2017-12-31,45.0,9.21
2018-01-01,48.0,10.24
2018-01-02,48.0,11.39
2018-01-03,51.1,16.11
2018-01-04,52.0,12.77
2018-01-05,53.1,12.77
2018-01-06,53.1,19.68
2018-01-07,50.0,10.24
2018-01-08,48.9,8.06
2018-01-09,48.9,11.39
2018-01-10,48.9,9.21
2018-01-11,54.0,28.88
2018-01-12,54.0,20.83
2018-01-13,57.9,11.39
2018-01-14,61.0,12.77
2018-01-15,61.0,14.96
2018-01-16,60.1,13.81
2018-01-17,64.0,31.07
2018-01-18,64.0,28.88
2018-01-19,54.0,16.11
2018-01-20,50.0,17.26
2018-01-21,51.1,19.68
2018-01-22,51.1,13.81
2018-01-23,52.0,26.35
2018-01-24,54.0,28.88
2018-01-25,53.1,14.96
2018-01-26,48.0,18.3
2018-01-27,51.8,27.73
2018-01-28,59.0,16.11
2018-01-29,59.0,25.32
2018-01-30,55.9,16.11
2018-01-31,51.1,8.06
2018-02-01,46.9,6.9
2018-02-02,52.0,24.17
2018-02-03,52.0,18.3
2018-02-04,53.1,16.11
2018-02-05,51.1,12.77
2018-02-06,50.0,10.24
2018-02-07,54.0,6.9
2018-02-08,54.0,12.77
2018-02-09,51.1,14.96
2018-02-10,50.0,12.77
2018-02-11,48.9,16.11
2018-02-12,48.9,13.81
2018-02-13,48.9,11.39
2018-02-14,50.0,17.26
2018-02-15,50.0,12.77
2018-02-16,48.9,17.26
2018-02-17,48.9,29.92
2018-02-18,48.9,29.92
2018-02-19,44.1,17.26
2018-02-20,41.0,16.11
2018-02-21,39.9,11.39
2018-02-22,41.0,18.3
2018-02-23,42.1,18.3
2018-02-24,48.9,19.68
2018-02-25,48.9,25.32
2018-02-26,46.9,11.39
2018-02-27,46.9,19.68
2018-02-28,46.9,14.96
2018-03-01,46.0,17.26
2018-03-02,46.9,12.77
2018-03-03,52.0,12.77
2018-03-04,52.0,12.77
2018-03-05,50.0,12.77
2018-03-06,54.0,20.83
2018-03-07,55.9,14.96
2018-03-08,55.9,31.07
2018-03-09,51.1,21.86
2018-03-10,63.0,12.77
2018-03-11,64.9,11.39
2018-03-12,71.1,12.77
2018-03-13,71.1,18.3
2018-03-14,63.0,14.96
2018-03-15,52.0,13.81
2018-03-16,52.0,12.77
2018-03-17,52.0,12.77
2018-03-18,51.1,11.39
2018-03-19,54.0,16.11
2018-03-20,54.0,17.26
2018-03-21,54.0,16.11
2018-03-22,53.1,20.83
2018-03-23,48.9,21.86
2018-03-24,45.0,16.11
2018-03-25,50.0,14.96
2018-03-26,50.0,16.11
2018-03-27,50.0,20.83
2018-03-28,52.0,10.24
2018-03-29,54.0,11.39
2018-03-30,54.0,11.39
2018-03-31,54.0,11.39
2018-04-01,54.0,16.11
2018-04-02,51.1,20.83
2018-04-03,51.1,10.24
2018-04-04,53.1,10.24
2018-04-05,53.1,12.77
2018-04-06,62.1,18.3
2018-04-07,63.0,33.26
2018-04-08,63.0,25.32
2018-04-09,64.9,14.96
2018-04-10,66.0,29.92
2018-04-11,61.0,17.26
2018-04-12,51.1,23.02
2018-04-13,53.1,24.17
2018-04-14,53.1,23.02
2018-04-15,53.1,20.83
2018-04-16,51.1,23.02
2018-04-17,53.1,18.3
2018-04-18,60.1,20.83
2018-04-19,60.1,20.83
2018-04-20,59.0,13.81
2018-04-21,55.9,17.26
2018-04-22,57.9,18.3
2018-04-23,73.0,17.26
2018-04-24,81.0,18.3
2018-04-25,82.0,12.77
2018-04-26,64.0,14.96
2018-04-27,57.0,13.81
2018-04-28,55.9,14.96
2018-04-29,57.0,12.77
2018-04-30,55.9,12.77
2018-05-01,55.9,13.81
2018-05-02,62.1,14.96
2018-05-03,62.1,14.96
2018-05-04,59.0,10.24
2018-05-05,66.0,12.77
2018-05-06,66.0,17.26
2018-05-07,62.1,17.26
2018-05-08,64.9,17.26
2018-05-09,64.9,18.3
2018-05-10,60.1,17.26
2018-05-11,59.0,16.11
2018-05-12,70.0,14.96
2018-05-13,73.0,11.39
2018-05-14,73.0,12.77
2018-05-15,62.1,13.81
2018-05-16,60.1,11.39
2018-05-17,60.1,10.24
2018-05-18,59.0,8.06
2018-05-19,60.1,11.39
2018-05-20,61.0,14.96
2018-05-21,64.0,18.3
2018-05-22,71.1,16.11
2018-05-23,71.1,17.26
2018-05-24,64.0,17.26
2018-05-25,63.0,17.26
2018-05-26,62.1,16.11
2018-05-27,64.9,14.96
2018-05-28,64.9,19.68
2018-05-29,62.1,19.68
2018-05-30,62.1,20.83
2018-05-31,61.0,20.83
2018-06-01,64.0,14.96
2018-06-02,68.0,12.77
2018-06-03,68.0,13.81
2018-06-04,63.0,11.39
2018-06-05,63.0,20.83
2018-06-06,64.9,10.24
2018-06-07,64.9,16.11
2018-06-08,61.0,14.96
2018-06-09,61.0,14.96
2018-06-10,61.0,18.3
2018-06-11,64.9,16.11
2018-06-12,68.0,16.11
2018-06-13,68.0,16.11
2018-06-14,63.0,11.39
2018-06-15,64.9,17.26
2018-06-16,71.1,17.26
2018-06-17,79.0,13.81
2018-06-18,79.0,20.83
2018-06-19,70.0,18.3
2018-06-20,71.1,12.77
2018-06-21,64.9,12.77
2018-06-22,64.9,10.24
2018-06-23,66.9,13.81
2018-06-24,73.0,19.68
2018-06-25,73.0,17.26
2018-06-26,68.0,19.68
2018-06-27,68.0,19.68
2018-06-28,64.9,10.24
2018-06-29,69.1,12.77
2018-06-30,69.1,10.24
2018-07-01,64.9,16.11
2018-07-02,64.0,16.11
2018-07-03,66.9,14.96
2018-07-04,70.0,16.11
2018-07-05,70.0,10.24
2018-07-06,68.0,21.86
2018-07-07,68.0,18.3
2018-07-08,68.0,12.77
2018-07-09,68.0,12.77
2018-07-10,68.0,10.24
2018-07-11,72.0,19.68
2018-07-12,77.0,18.3
2018-07-13,77.0,20.83
2018-07-14,73.9,13.81
2018-07-15,82.9,13.81
2018-07-16,82.9,12.77
2018-07-17,66.9,10.24
2018-07-18,66.9,12.77
2018-07-19,66.0,17.26
2018-07-20,66.9,18.3
2018-07-21,66.9,14.96
2018-07-22,72.0,16.11
2018-07-23,72.0,12.77
2018-07-24,68.0,10.24
2018-07-25,69.1,10.24
2018-07-26,66.9,11.39
2018-07-27,66.0,11.39
2018-07-28,68.0,9.21
2018-07-29,69.1,11.39
2018-07-30,69.1,11.39
2018-07-31,66.0,11.39
2018-08-01,68.0,11.39
2018-08-02,68.0,12.77
2018-08-03,66.0,11.39
2018-08-04,73.9,10.24
2018-08-05,73.9,11.39
2018-08-06,71.1,11.39
2018-08-07,75.9,13.81
2018-08-08,75.9,11.39
2018-08-09,70.0,10.24
2018-08-10,70.0,16.11
2018-08-11,69.1,16.11
2018-08-12,69.1,14.96
2018-08-13,75.9,14.96
2018-08-14,77.0,14.96
2018-08-15,77.0,9.21
2018-08-16,66.9,14.96
2018-08-17,68.0,14.96
2018-08-18,68.0,12.77
2018-08-19,68.0,11.39
2018-08-20,66.0,10.24
2018-08-21,84.9,12.77
2018-08-22,86.0,11.39
2018-08-23,68.0,13.81
2018-08-24,68.0,14.96
2018-08-25,66.0,13.81
2018-08-26,64.0,13.81
2018-08-27,71.1,17.26
2018-08-28,75.9,17.26
2018-08-29,75.9,14.96
2018-08-30,68.0,9.21
2018-08-31,66.0,12.77
2018-09-01,66.9,17.26
2018-09-02,66.0,19.68
2018-09-03,68.0,20.83
2018-09-04,73.0,19.68
2018-09-05,79.0,19.68
2018-09-06,79.0,12.77
2018-09-07,68.0,16.11
2018-09-08,68.0,16.11
2018-09-09,69.1,14.96
2018-09-10,69.1,14.96
2018-09-11,66.9,13.81
2018-09-12,66.0,14.96
2018-09-13,66.0,13.81
2018-09-14,64.0,13.81
2018-09-15,64.0,12.77
2018-09-16,64.9,16.11
2018-09-17,64.9,18.3
2018-09-18,66.0,17.26
2018-09-19,66.0,12.77
2018-09-20,66.0,11.39
2018-09-21,66.0,12.77
2018-09-22,66.0,19.68
2018-09-23,64.9,13.81
2018-09-24,64.9,16.11
2018-09-25,71.1,13.81
2018-09-26,72.0,14.96
2018-09-27,78.1,12.77
2018-09-28,78.1,14.96
2018-09-29,77.0,12.77
2018-09-30,64.0,18.3
2018-10-01,64.0,16.11
2018-10-02,62.1,13.81
2018-10-03,62.1,12.77
2018-10-04,61.0,13.81
2018-10-05,61.0,17.26
2018-10-06,62.1,14.96
2018-10-07,62.1,9.21
2018-10-08,60.1,10.24
2018-10-09,60.1,19.68
2018-10-10,62.1,8.06
2018-10-11,66.0,11.39
2018-10-12,66.0,17.26
2018-10-13,66.9,19.68
2018-10-14,68.0,20.83
2018-10-15,73.9,14.96
2018-10-16,77.0,11.39
2018-10-17,77.0,9.21
2018-10-18,75.9,8.06
2018-10-19,59.0,11.39
2018-10-20,62.1,12.77
2018-10-21,63.0,6.9
2018-10-22,63.0,6.9
2018-10-23,59.0,16.11
2018-10-24,60.1,14.96
2018-10-25,60.1,17.26
2018-10-26,61.0,25.32
2018-10-27,62.1,11.39
2018-10-28,62.1,27.73
2018-10-29,59.0,13.81
2018-10-30,59.0,6.9
2018-10-31,57.9,18.3
2018-11-01,61.0,14.96
2018-11-02,61.0,24.17
2018-11-03,61.0,13.81
2018-11-04,60.1,23.02
2018-11-05,60.1,17.26
2018-11-06,57.9,14.96
2018-11-07,55.9,6.9
2018-11-08,55.0,11.39
2018-11-09,55.0,8.06
2018-11-10,54.0,12.77
2018-11-11,57.0,19.68
2018-11-12,62.1,18.3
2018-11-13,62.1,11.39
2018-11-14,55.9,10.24
2018-11-15,55.9,6.9
2018-11-16,55.9,8.06
2018-11-17,55.0,17.26
2018-11-18,57.0,19.68
2018-11-19,57.9,6.9
2018-11-20,57.0,10.24
2018-11-21,53.1,11.39
2018-11-22,52.0,14.96
2018-11-23,53.1,17.26
2018-11-24,53.1,10.24
2018-11-25,53.1,8.06
2018-11-26,61.0,29.92
2018-11-27,61.0,29.92
2018-11-28,57.9,16.11
2018-11-29,54.0,10.24
2018-11-30,52.0,20.83
2018-12-01,51.1,10.24
2018-12-02,48.9,9.21
2018-12-03,48.9,12.77
2018-12-04,48.9,17.26
2018-12-05,48.0,17.26
2018-12-06,46.9,17.26
2018-12-07,46.9,13.81
2018-12-08,48.9,13.81
2018-12-09,48.9,18.3
2018-12-10,51.1,10.24
2018-12-11,54.0,26.35
2018-12-12,54.0,25.32
2018-12-13,55.0,24.17
2018-12-14,63.0,29.92
2018-12-15,63.0,25.32
2018-12-16,55.0,17.26
2018-12-17,55.0,19.68
2018-12-18,55.0,32.22
2018-12-19,55.0,17.26
2018-12-20,59.0,41.31
2018-12-21,59.0,18.3
2018-12-22,48.0,12.77
2018-12-23,52.0,18.3
2018-12-24,52.0,11.39
2018-12-25,48.9,10.24
2018-12-26,51.1,16.11
2018-12-27,51.1,14.96
2018-12-28,50.0,16.11
2018-12-29,52.0,25.32
2018-12-30,52.0,23.02
2018-12-31,48.0,11.39
2019-01-01,45.0,5.87
2019-01-02,46.0,6.9
2019-01-03,53.6,27.73
2019-01-04,54.0,32.22
2019-01-05,52.0,8.06
2019-01-06,48.0,33.26
2019-01-07,46.9,12.77
2019-01-08,48.9,17.26
2019-01-09,54.0,24.17
2019-01-10,54.0,23.02
2019-01-11,57.0,14.96
2019-01-12,57.9,14.96
2019-01-13,57.9,9.21
2019-01-14,57.0,20.83
2019-01-15,54.0,14.96
2019-01-16,48.9,11.39
2019-01-17,53.1,24.17
2019-01-18,52.0,21.86
2019-01-19,55.9,27.73
2019-01-20,55.9,5.87
2019-01-21,51.1,11.39
2019-01-22,51.1,23.02
2019-01-23,53.6,27.73
2019-01-24,53.1,8.06
2019-01-25,51.1,6.9
2019-01-26,52.0,10.24
2019-01-27,52.0,12.77
2019-01-28,54.0,16.11
2019-01-29,57.9,14.96
2019-01-30,57.9,8.06
2019-01-31,55.0,8.06
2019-02-01,53.1,14.96
2019-02-02,52.0,16.11
2019-02-03,48.9,13.81
2019-02-04,43.0,20.83
2019-02-05,41.0,14.96
2019-02-06,42.1,8.06
2019-02-07,42.1,9.21
2019-02-08,43.0,17.26
2019-02-09,43.0,21.86
2019-02-10,41.0,25.32
2019-02-11,48.9,24.17
2019-02-12,48.9,21.86
2019-02-13,46.9,10.24
2019-02-14,46.0,14.96
2019-02-15,48.0,13.81
2019-02-16,48.0,13.81
2019-02-17,46.0,11.39
2019-02-18,46.4,8.06
2019-02-19,46.0,12.77
2019-02-20,46.9,16.11
2019-02-21,48.0,12.77
2019-02-22,48.0,20.83
2019-02-23,46.0,13.81
2019-02-24,46.9,8.06
2019-02-25,46.9,13.81
2019-02-26,46.0,27.73
2019-02-27,44.1,27.73
2019-02-28,43.0,12.77
2019-03-01,52.0,10.24
2019-03-02,54.0,12.77
2019-03-03,54.0,18.3
2019-03-04,48.0,16.11
2019-03-05,48.9,16.11
2019-03-06,48.9,11.39
2019-03-07,46.0,12.77
2019-03-08,46.9,12.77
2019-03-09,48.9,12.77
2019-03-10,51.1,12.77
2019-03-11,52.0,16.11
2019-03-12,50.0,20.83
2019-03-13,51.1,18.3
2019-03-14,51.1,8.06
2019-03-15,57.9,10.24
2019-03-16,59.0,9.21
2019-03-17,68.0,13.81
2019-03-18,73.9,23.02
2019-03-19,77.0,23.02
2019-03-20,77.0,16.11
2019-03-21,57.9,18.3
2019-03-22,53.1,16.11
2019-03-23,55.9,12.77
2019-03-24,57.9,9.21
2019-03-25,57.9,16.11
2019-03-26,55.9,13.81
2019-03-27,55.9,17.26
2019-03-28,57.0,9.21
2019-03-29,59.0,11.39
2019-03-30,62.1,16.11
2019-03-31,63.0,16.11
2019-04-01,63.0,11.39
2019-04-02,61.0,9.21
2019-04-03,55.0,19.68
2019-04-04,61.0,11.39
2019-04-05,61.0,21.86
2019-04-06,55.9,21.86
2019-04-07,55.9,14.96
2019-04-08,55.9,16.11
2019-04-09,55.9,25.32
2019-04-10,55.0,18.3
2019-04-11,52.0,17.26
2019-04-12,55.0,12.77
2019-04-13,52.0,23.02
2019-04-14,52.0,14.96
2019-04-15,52.0,9.21
2019-04-16,55.0,14.96
2019-04-17,59.0,18.3
2019-04-18,63.0,18.3
2019-04-19,63.0,10.24
2019-04-20,57.9,12.77
2019-04-21,57.9,10.24
2019-04-22,55.9,10.24
2019-04-23,55.0,14.96
2019-04-24,57.9,19.68
2019-04-25,64.9,19.68
2019-04-26,64.9,19.68
2019-04-27,55.9,24.17
2019-04-28,61.0,20.83
2019-04-29,64.0,18.3
2019-04-30,66.9,18.3
2019-05-01,66.9,18.3
2019-05-02,57.0,10.24
2019-05-03,57.0,13.81
2019-05-04,61.0,16.11
2019-05-05,61.0,12.77
2019-05-06,68.0,12.77
2019-05-07,68.0,11.39
2019-05-08,61.0,12.77
2019-05-09,84.9,17.26
2019-05-10,84.9,18.3
2019-05-11,80.1,12.77
2019-05-12,57.9,10.24
2019-05-13,60.1,12.77
2019-05-14,60.1,17.26
2019-05-15,61.0,14.96
2019-05-16,61.0,17.26
2019-05-17,59.0,17.26
2019-05-18,68.0,16.11
2019-05-19,59.0,20.83
2019-05-20,61.0,20.83
2019-05-21,62.1,17.26
2019-05-22,62.1,14.96
2019-05-23,57.9,11.39
2019-05-24,57.9,17.26
2019-05-25,57.0,13.81
2019-05-26,68.0,16.11
2019-05-27,68.0,13.81
2019-05-28,62.1,12.77
2019-05-29,62.1,12.77
2019-05-30,60.1,9.21
2019-05-31,63.0,18.3
2019-06-01,64.0,17.26
2019-06-02,64.0,17.26
2019-06-03,63.0,17.26
2019-06-04,64.0,17.26
2019-06-05,64.0,17.26
2019-06-06,61.0,18.3
2019-06-07,61.0,18.3
2019-06-08,63.0,14.96
2019-06-09,70.0,20.83
2019-06-10,75.0,24.17
2019-06-11,86.0,24.17
2019-06-12,86.0,14.96
2019-06-13,78.1,14.96
2019-06-14,64.0,13.81
2019-06-15,63.0,19.68
2019-06-16,64.9,19.68
2019-06-17,64.9,12.77
2019-06-18,64.9,14.96
2019-06-19,61.0,17.26
2019-06-20,62.1,17.26
2019-06-21,62.1,13.81
2019-06-22,63.0,11.39
2019-06-23,63.0,14.96
2019-06-24,64.9,11.39
2019-06-25,64.9,14.96
2019-06-26,66.0,12.77
2019-06-27,66.0,14.96
2019-06-28,64.9,12.77
2019-06-29,69.1,13.81
2019-06-30,69.1,12.77
2019-07-01,69.1,12.77
2019-07-02,66.0,12.77
2019-07-03,66.9,11.39
2019-07-04,66.9,10.24
2019-07-05,64.9,10.24
2019-07-06,66.9,13.81
2019-07-07,66.9,13.81
2019-07-08,69.1,9.21
2019-07-09,69.1,12.77
2019-07-10,66.9,18.3
2019-07-11,68.0,14.96
2019-07-12,73.0,11.39
2019-07-13,70.0,13.81
2019-07-14,73.0,14.96
2019-07-15,73.0,13.81
2019-07-16,70.0,13.81
2019-07-17,70.0,20.83
2019-07-18,68.0,14.96
2019-07-19,68.0,18.3
2019-07-20,71.1,20.83
2019-07-21,71.1,19.68
2019-07-22,70.0,13.81
2019-07-23,70.0,11.39
2019-07-24,72.0,16.11
2019-07-25,75.9,20.83
2019-07-26,75.9,19.68
2019-07-27,72.0,16.11
2019-07-28,72.0,19.68
2019-07-29,70.0,18.3
2019-07-30,70.0,12.77
2019-07-31,70.0,14.96
2019-08-01,71.1,17.26
2019-08-02,71.1,19.68
2019-08-03,72.0,19.68
2019-08-04,75.9,19.68
2019-08-05,75.9,14.96
2019-08-06,66.0,14.96
2019-08-07,66.9,11.39
2019-08-08,66.9,9.21
2019-08-09,70.0,13.81
2019-08-10,71.1,13.81
2019-08-11,71.1,13.81
2019-08-12,75.9,13.81
2019-08-13,75.9,10.24
2019-08-14,75.0,14.96
2019-08-15,73.0,14.96
2019-08-16,71.1,12.77
2019-08-17,70.0,11.39
2019-08-18,70.0,12.77
2019-08-19,71.1,12.77
2019-08-20,71.1,14.96
2019-08-21,69.1,18.3
2019-08-22,68.0,14.96
2019-08-23,72.0,17.26
2019-08-24,72.0,16.11
2019-08-25,70.0,16.11
2019-08-26,75.9,18.3
2019-08-27,91.0,18.3
2019-08-28,91.0,13.81
2019-08-29,75.0,17.26
2019-08-30,72.0,11.39
2019-08-31,72.0,16.11
2019-09-01,71.1,13.81
2019-09-02,73.9,11.39
2019-09-03,73.9,10.24
2019-09-04,70.0,17.26
2019-09-05,77.0,17.26
2019-09-06,77.0,10.24
2019-09-07,66.9,10.24
2019-09-08,66.9,14.96
2019-09-09,66.9,14.96
2019-09-10,69.1,11.39
2019-09-11,69.1,10.24
2019-09-12,73.0,13.81
2019-09-13,73.0,16.11
2019-09-14,69.1,14.96
2019-09-15,69.1,13.81
2019-09-16,64.0,16.11
2019-09-17,64.9,17.26
2019-09-18,66.0,13.81
2019-09-19,66.2,13.81
2019-09-20,66.9,9.21
2019-09-21,69.1,10.24
2019-09-22,69.1,28.88
2019-09-23,64.0,17.26
2019-09-24,68.0,11.39
2019-09-25,68.0,13.81
2019-09-26,66.9,18.3
2019-09-27,64.0,14.96
2019-09-28,62.1,17.26
2019-09-29,57.9,20.83
2019-09-30,60.1,12.77
2019-10-01,61.0,11.39
2019-10-02,61.0,11.39
2019-10-03,60.1,10.24
2019-10-04,59.0,14.96
2019-10-05,63.0,9.21
2019-10-06,66.0,10.24
2019-10-07,66.0,18.3
2019-10-08,61.0,19.68
2019-10-09,57.0,12.77
2019-10-10,60.1,17.26
2019-10-11,68.0,14.96
2019-10-12,68.0,8.06
2019-10-13,63.0,12.77
2019-10-14,59.0,8.06
2019-10-15,59.0,9.21
2019-10-16,59.0,19.68
2019-10-17,57.2,20.83
2019-10-18,57.2,18.3
2019-10-19,57.9,25.32
2019-10-20,57.9,24.17
2019-10-21,57.9,23.02
2019-10-22,59.0,21.86
2019-10-23,61.0,10.24
2019-10-24,64.9,6.9
2019-10-25,64.9,20.83
2019-10-26,57.9,14.96
2019-10-27,57.9,14.96
2019-10-28,57.0,9.21
2019-10-29,54.0,16.11
2019-10-30,55.9,16.11
2019-10-31,55.9,12.77
2019-11-01,61.0,14.96
2019-11-02,61.0,14.96
2019-11-03,61.0,11.39
2019-11-04,55.0,8.06
2019-11-05,55.0,10.24
2019-11-06,60.1,13.81
2019-11-07,64.0,12.77
2019-11-08,64.0,14.96
2019-11-09,53.1,12.77
2019-11-10,57.9,9.21
2019-11-11,63.0,12.77
2019-11-12,63.0,8.06
2019-11-13,57.9,13.81
2019-11-14,57.9,10.24
2019-11-15,57.0,20.83
2019-11-16,57.0,9.21
2019-11-17,57.0,21.86
2019-11-18,57.0,19.68
2019-11-19,55.0,18.3
2019-11-20,55.0,10.24
2019-11-21,55.0,10.24
2019-11-22,55.0,9.21
2019-11-23,52.0,9.21
2019-11-24,54.0,19.68
2019-11-25,54.0,16.11
2019-11-26,50.0,23.02
2019-11-27,48.0,23.02
2019-11-28,48.0,17.26
2019-11-29,45.0,10.24
2019-11-30,45.0,8.06
2019-12-01,45.0,12.77
2019-12-02,54.0,11.39
2019-12-03,54.0,6.9
2019-12-04,52.0,6.9
2019-12-05,52.0,6.9
2019-12-06,51.1,10.24
2019-12-07,51.1,10.24
2019-12-08,51.1,5.87
2019-12-09,51.1,9.21
2019-12-10,51.1,9.21
2019-12-11,52.0,17.26
2019-12-12,52.0,20.83
2019-12-13,52.0,16.11
2019-12-14,46.0,5.87
2019-12-15,46.9,9.21
2019-12-16,50.0,10.24
2019-12-17,50.0,9.21
2019-12-18,52.0,16.11
2019-12-19,54.0,28.88
2019-12-20,55.0,35.79
2019-12-21,55.0,25.32
2019-12-22,52.0,5.87
2019-12-23,46.9,6.9
2019-12-24,46.9,9.21
2019-12-25,46.0,9.21
2019-12-26,46.0,8.06
2019-12-27,46.0,9.21
2019-12-28,46.0,5.87
2019-12-29,46.9,9.21
2019-12-30,48.0,9.21
2019-12-31,51.8,29.92
2020-01-01,53.1,28.88
2020-01-02,53.1,18.3
2020-01-03,61.0,26.35
2020-01-04,61.0,26.35
2020-01-05,50.0,19.68
2020-01-06,51.8,25.32
2020-01-07,52.0,23.02
2020-01-08,52.0,21.86
2020-01-09,46.9,8.06
2020-01-10,50.0,32.22
2020-01-11,50.0,27.73
2020-01-12,48.0,27.73
2020-01-13,48.0,25.32
2020-01-14,41.0,18.3
2020-01-15,41.0,21.86
2020-01-16,46.0,26.35
2020-01-17,45.0,10.24
2020-01-18,50.0,24.17
2020-01-19,59.0,13.81
2020-01-20,55.9,9.21
2020-01-21,52.0,21.86
2020-01-22,51.8,25.32
2020-01-23,55.0,25.32
2020-01-24,55.0,21.86
2020-01-25,52.0,14.96
2020-01-26,53.1,20.83
2020-01-27,53.1,18.3
2020-01-28,53.1,27.73
2020-01-29,52.0,20.83
2020-01-30,52.0,6.9
2020-01-31,55.0,26.35
2020-02-01,55.0,27.73
2020-02-02,52.0,13.81
2020-02-03,46.0,13.81
2020-02-04,46.0,13.81
2020-02-05,50.0,24.17
2020-02-06,51.8,21.86
2020-02-07,51.1,19.68
2020-02-08,50.0,28.88
2020-02-09,48.9,12.77
2020-02-10,51.1,9.21
2020-02-11,51.1,11.39
2020-02-12,48.9,9.21
2020-02-13,48.9,17.26
2020-02-14,48.9,17.26
2020-02-15,48.9,20.83
2020-02-16,50.0,12.77
2020-02-17,50.0,12.77
2020-02-18,50.0,16.11
2020-02-19,57.0,17.26
2020-02-20,57.0,13.81
2020-02-21,57.0,9.21
2020-02-22,50.0,9.21
2020-02-23,48.9,29.92
2020-02-24,48.9,23.02
2020-02-25,50.0,6.9
2020-02-26,51.1,6.9
2020-02-27,53.1,10.24
2020-02-28,53.1,20.83
2020-02-29,48.0,24.17
2020-03-01,48.0,11.39
2020-03-02,48.2,19.68
2020-03-03,50.0,16.11
2020-03-04,52.0,16.11
2020-03-05,52.0,20.83
2020-03-06,52.0,20.83
2020-03-07,46.9,11.39
2020-03-08,48.9,9.21
2020-03-09,51.1,10.24
2020-03-10,52.0,9.21
2020-03-11,50.0,16.11
2020-03-12,51.1,18.3
2020-03-13,50.0,17.26
2020-03-14,45.0,17.26
2020-03-15,50.0,20.83
2020-03-16,57.0,19.68
2020-03-17,57.0,12.77
2020-03-18,53.1,12.77
2020-03-19,55.0,10.24
2020-03-20,57.0,16.11
2020-03-21,57.0,16.11
2020-03-22,53.1,11.39
2020-03-23,50.0,17.26
2020-03-24,50.0,14.96
2020-03-25,50.0,10.24
2020-03-26,50.0,11.39
2020-03-27,50.0,17.26
2020-03-28,51.1,20.83
2020-03-29,52.0,20.83
2020-03-30,50.0,26.35
2020-03-31,50.0,18.3
2020-04-01,50.0,14.96
2020-04-02,50.0,13.81
2020-04-03,48.9,12.77
2020-04-04,51.1,14.96
2020-04-05,59.0,16.11
2020-04-06,59.0,17.26
2020-04-07,57.0,14.96
2020-04-08,63.0,18.3
2020-04-09,63.0,19.68
2020-04-10,60.1,19.68
2020-04-11,54.0,10.24
2020-04-12,62.1,13.81
2020-04-13,63.0,19.68
2020-04-14,63.0,14.96
2020-04-15,59.0,11.39
2020-04-16,70.0,16.11
2020-04-17,70.0,17.26
2020-04-18,66.9,17.26
2020-04-19,55.0,11.39
2020-04-20,57.9,12.77
2020-04-21,57.9,18.3
2020-04-22,54.0,23.02
2020-04-23,55.9,12.77
2020-04-24,55.9,13.81
2020-04-25,57.9,20.83
2020-04-26,59.0,19.68
2020-04-27,59.0,23.02
2020-04-28,59.0,13.81
2020-04-29,61.0,19.68
2020-04-30,61.0,21.86
2020-05-01,59.0,19.68
2020-05-02,59.0,18.3
2020-05-03,57.0,13.81
2020-05-04,62.1,17.26
2020-05-05,64.0,16.11
2020-05-06,64.0,18.3
2020-05-07,70.0,19.68
2020-05-08,82.0,20.83
2020-05-09,82.0,13.81
2020-05-10,79.0,12.77
2020-05-11,63.0,14.96
2020-05-12,62.1,21.86
2020-05-13,60.1,19.68
2020-05-14,59.0,16.11
2020-05-15,61.0,9.21
2020-05-16,62.1,12.77
2020-05-17,64.0,14.96
2020-05-18,64.9,14.96
2020-05-19,62.1,13.81
2020-05-20,57.9,14.96
2020-05-21,57.9,19.68
2020-05-22,57.9,17.26
2020-05-23,60.1,13.81
2020-05-24,64.9,10.24
2020-05-25,64.9,13.81
2020-05-26,62.1,16.11
2020-05-27,72.0,16.11
2020-05-28,75.9,17.26
2020-05-29,75.9,19.68
2020-05-30,62.1,16.11
2020-05-31,62.1,10.24
2020-06-01,62.1,17.26
2020-06-02,63.0,16.11
2020-06-03,63.0,18.3
2020-06-04,63.0,18.3
2020-06-05,63.0,18.3
2020-06-06,62.1,13.81
2020-06-07,60.1,17.26
2020-06-08,60.1,17.26
2020-06-09,61.0,28.88
2020-06-10,64.9,13.81
2020-06-11,66.9,11.39
2020-06-12,66.9,11.39
2020-06-13,63.0,14.96
2020-06-14,63.0,11.39
2020-06-15,63.0,14.96
2020-06-16,64.0,11.39
2020-06-17,64.9,14.96
2020-06-18,71.1,14.96
2020-06-19,72.0,20.83
2020-06-20,72.0,16.11
2020-06-21,64.9,13.81
2020-06-22,73.9,14.96
2020-06-23,75.9,19.68
2020-06-24,75.9,14.96
2020-06-25,68.0,16.11
2020-06-26,69.1,17.26
2020-06-27,69.1,13.81
2020-06-28,64.9,13.81
2020-06-29,64.9,14.96
2020-06-30,61.0,17.26
2020-07-01,62.1,14.96
2020-07-02,62.1,14.96
2020-07-03,63.0,10.24
2020-07-04,63.0,9.21
2020-07-05,66.0,10.24
2020-07-06,66.0,10.24
2020-07-07,64.0,12.77
2020-07-08,66.9,12.77
2020-07-09,66.9,11.39
2020-07-10,68.0,11.39
2020-07-11,68.0,14.96
2020-07-12,66.9,18.3
2020-07-13,66.9,19.68
2020-07-14,69.1,18.3
2020-07-15,69.1,20.83
2020-07-16,68.0,17.26
2020-07-17,68.0,16.11
2020-07-18,70.0,16.11
2020-07-19,70.0,17.26
2020-07-20,69.1,11.39
2020-07-21,70.0,11.39
2020-07-22,66.0,11.39
2020-07-23,64.9,12.77
2020-07-24,64.9,13.81
2020-07-25,66.9,19.68
2020-07-26,82.9,18.3
2020-07-27,82.9,13.81
2020-07-28,68.0,16.11
2020-07-29,75.9,16.11
2020-07-30,75.9,18.3
2020-07-31,75.9,12.77
2020-08-01,70.0,13.81
2020-08-02,70.0,12.77
2020-08-03,72.0,9.21
2020-08-04,72.0,18.3
2020-08-05,71.1,18.3
2020-08-06,69.1,11.39
2020-08-07,69.1,13.81
2020-08-08,69.1,20.83
2020-08-09,70.0,18.3
2020-08-10,71.1,19.68
2020-08-11,68.0,17.26
2020-08-12,66.9,13.81
2020-08-13,66.9,14.96
2020-08-14,72.0,17.26
2020-08-15,86.0,17.26
2020-08-16,86.0,19.68
2020-08-17,80.1,13.81
2020-08-18,72.0,10.24
2020-08-19,71.1,12.77
2020-08-20,71.1,16.11
2020-08-21,71.1,19.68
2020-08-22,71.1,17.26
2020-08-23,71.1,17.26
2020-08-24,71.1,17.26
2020-08-25,69.1,17.26
2020-08-26,69.1,18.3
2020-08-27,69.1,21.86
2020-08-28,72.0,18.3
2020-08-29,72.0,18.3
2020-08-30,68.0,17.26
2020-08-31,68.0,12.77
